0,0,A,C,F,0,0,-0.89,-1.415
1,0,A,C,F,0,1,-0.89,-1.06
2,0,A,C,F,0,2,-0.89,-0.705
3,0,A,C,F,0,3,-0.89,-0.35
4,0,A,C,F,0,4,-0.89,0.005
5,0,A,C,F,0,5,-0.89,0.36
6,0,A,C,F,0,6,-0.89,0.715
7,0,A,C,F,0,7,-0.89,1.07
8,0,A,C,F,0,8,-0.89,1.425
9,0,A,C,F,0,9,-0.535,1.425
10,0,A,C,F,0,10,-0.18,1.425
11,0,A,C,F,0,11,0.175,1.425
12,0,A,C,F,0,12,0.53,1.425
13,0,A,C,F,0,13,0.885,1.425
14,0,A,C,F,0,14,0.885,1.07
15,0,A,C,F,0,15,0.885,0.715
16,0,A,C,F,0,16,0.885,0.36
17,0,A,C,F,0,17,0.885,0.005
18,0,A,C,F,0,18,0.885,-0.35
19,0,A,C,F,0,19,0.885,-0.705
20,0,A,C,F,0,20,0.885,-1.06
21,0,A,C,F,0,21,0.885,-1.415
22,0,A,C,F,0,22,0.53,-1.415
23,0,A,C,F,0,23,0.175,-1.415
24,0,A,C,F,0,24,-0.18,-1.415
25,0,A,C,F,0,25,-0.535,-1.415
26,0,A,C,F,0,26,0,-0.6
27,0,A,C,F,0,27,0,0.6
28,1,A,C,B,0,28,-0.89,-1.415
29,1,A,C,B,0,29,-0.89,-1.06
30,1,A,C,B,0,30,-0.89,-0.705
31,1,A,C,B,0,31,-0.89,-0.35
32,1,A,C,B,0,32,-0.89,0.005
33,1,A,C,B,0,33,-0.89,0.36
34,1,A,C,B,0,34,-0.89,0.715
35,1,A,C,B,0,35,-0.89,1.07
36,1,A,C,B,0,36,-0.89,1.425
37,1,A,C,B,0,37,-0.535,1.425
38,1,A,C,B,0,38,-0.18,1.425
39,1,A,C,B,0,39,0.175,1.425
40,1,A,C,B,0,40,0.53,1.425
41,1,A,C,B,0,41,0.885,1.425
42,1,A,C,B,0,42,0.885,1.07
43,1,A,C,B,0,43,0.885,0.715
44,1,A,C,B,0,44,0.885,0.36
45,1,A,C,B,0,45,0.885,0.005
46,1,A,C,B,0,46,0.885,-0.35
47,1,A,C,B,0,47,0.885,-0.705
48,1,A,C,B,0,48,0.885,-1.06
49,1,A,C,B,0,49,0.885,-1.415
50,1,A,C,B,0,50,0.53,-1.415
51,1,A,C,B,0,51,0.175,-1.415
52,1,A,C,B,0,52,-0.18,-1.415
53,1,A,C,B,0,53,-0.535,-1.415
54,1,A,C,B,0,54,0,-0.6
55,1,A,C,B,0,55,0,0.6
56,2,A,D,F,0,56,-0.89,-1.415
57,2,A,D,F,0,57,-0.89,-1.06
58,2,A,D,F,0,58,-0.89,-0.705
59,2,A,D,F,0,59,-0.89,-0.35
60,2,A,D,F,0,60,-0.89,0.005
61,2,A,D,F,0,61,-0.89,0.36
62,2,A,D,F,0,62,-0.89,0.715
63,2,A,D,F,0,63,-0.89,1.07
64,2,A,D,F,0,64,-0.89,1.425
65,2,A,D,F,0,65,-0.535,1.425
66,2,A,D,F,0,66,-0.18,1.425
67,2,A,D,F,0,67,0.175,1.425
68,2,A,D,F,0,68,0.53,1.425
69,2,A,D,F,0,69,0.885,1.425
70,2,A,D,F,0,70,0.885,1.07
71,2,A,D,F,0,71,0.885,0.715
72,2,A,D,F,0,72,0.885,0.36
73,2,A,D,F,0,73,0.885,0.005
74,2,A,D,F,0,74,0.885,-0.35
75,2,A,D,F,0,75,0.885,-0.705
76,2,A,D,F,0,76,0.885,-1.06
77,2,A,D,F,0,77,0.885,-1.415
78,2,A,D,F,0,78,0.53,-1.415
79,2,A,D,F,0,79,0.175,-1.415
80,2,A,D,F,0,80,-0.18,-1.415
81,2,A,D,F,0,81,-0.535,-1.415
82,2,A,D,F,0,82,0,-0.6
83,2,A,D,F,0,83,0,0.6
84,3,A,D,B,0,84,-0.89,-1.415
85,3,A,D,B,0,85,-0.89,-1.06
86,3,A,D,B,0,86,-0.89,-0.705
87,3,A,D,B,0,87,-0.89,-0.35
88,3,A,D,B,0,88,-0.89,0.005
89,3,A,D,B,0,89,-0.89,0.36
90,3,A,D,B,0,90,-0.89,0.715
91,3,A,D,B,0,91,-0.89,1.07
92,3,A,D,B,0,92,-0.89,1.425
93,3,A,D,B,0,93,-0.535,1.425
94,3,A,D,B,0,94,-0.18,1.425
95,3,A,D,B,0,95,0.175,1.425
96,3,A,D,B,0,96,0.53,1.425
97,3,A,D,B,0,97,0.885,1.425
98,3,A,D,B,0,98,0.885,1.07
99,3,A,D,B,0,99,0.885,0.715
100,3,A,D,B,0,100,0.885,0.36
101,3,A,D,B,0,101,0.885,0.005
102,3,A,D,B,0,102,0.885,-0.35
103,3,A,D,B,0,103,0.885,-0.705
104,3,A,D,B,0,104,0.885,-1.06
105,3,A,D,B,0,105,0.885,-1.415
106,3,A,D,B,0,106,0.53,-1.415
107,3,A,D,B,0,107,0.175,-1.415
108,3,A,D,B,0,108,-0.18,-1.415
109,3,A,D,B,0,109,-0.535,-1.415
110,3,A,D,B,0,110,0,-0.6
111,3,A,D,B,0,111,0,0.6
112,4,A,H,F,0,112,-0.89,-1.415
113,4,A,H,F,0,113,-0.89,-1.06
114,4,A,H,F,0,114,-0.89,-0.705
115,4,A,H,F,0,115,-0.89,-0.35
116,4,A,H,F,0,116,-0.89,0.005
117,4,A,H,F,0,117,-0.89,0.36
118,4,A,H,F,0,118,-0.89,0.715
119,4,A,H,F,0,119,-0.89,1.07
120,4,A,H,F,0,120,-0.89,1.425
121,4,A,H,F,0,121,-0.535,1.425
122,4,A,H,F,0,122,-0.18,1.425
123,4,A,H,F,0,123,0.175,1.425
124,4,A,H,F,0,124,0.53,1.425
125,4,A,H,F,0,125,0.885,1.425
126,4,A,H,F,0,126,0.885,1.07
127,4,A,H,F,0,127,0.885,0.715
128,4,A,H,F,0,128,0.885,0.36
129,4,A,H,F,0,129,0.885,0.005
130,4,A,H,F,0,130,0.885,-0.35
131,4,A,H,F,0,131,0.885,-0.705
132,4,A,H,F,0,132,0.885,-1.06
133,4,A,H,F,0,133,0.885,-1.415
134,4,A,H,F,0,134,0.53,-1.415
135,4,A,H,F,0,135,0.175,-1.415
136,4,A,H,F,0,136,-0.18,-1.415
137,4,A,H,F,0,137,-0.535,-1.415
138,4,A,H,F,0,138,0,-0.6
139,4,A,H,F,0,139,0,0.6
140,5,A,H,B,0,140,-0.89,-1.415
141,5,A,H,B,0,141,-0.89,-1.06
142,5,A,H,B,0,142,-0.89,-0.705
143,5,A,H,B,0,143,-0.89,-0.35
144,5,A,H,B,0,144,-0.89,0.005
145,5,A,H,B,0,145,-0.89,0.36
146,5,A,H,B,0,146,-0.89,0.715
147,5,A,H,B,0,147,-0.89,1.07
148,5,A,H,B,0,148,-0.89,1.425
149,5,A,H,B,0,149,-0.535,1.425
150,5,A,H,B,0,150,-0.18,1.425
151,5,A,H,B,0,151,0.175,1.425
152,5,A,H,B,0,152,0.53,1.425
153,5,A,H,B,0,153,0.885,1.425
154,5,A,H,B,0,154,0.885,1.07
155,5,A,H,B,0,155,0.885,0.715
156,5,A,H,B,0,156,0.885,0.36
157,5,A,H,B,0,157,0.885,0.005
158,5,A,H,B,0,158,0.885,-0.35
159,5,A,H,B,0,159,0.885,-0.705
160,5,A,H,B,0,160,0.885,-1.06
161,5,A,H,B,0,161,0.885,-1.415
162,5,A,H,B,0,162,0.53,-1.415
163,5,A,H,B,0,163,0.175,-1.415
164,5,A,H,B,0,164,-0.18,-1.415
165,5,A,H,B,0,165,-0.535,-1.415
166,5,A,H,B,0,166,0,-0.6
167,5,A,H,B,0,167,0,0.6
168,6,A,S,F,0,168,-0.89,-1.415
169,6,A,S,F,0,169,-0.89,-1.06
170,6,A,S,F,0,170,-0.89,-0.705
171,6,A,S,F,0,171,-0.89,-0.35
172,6,A,S,F,0,172,-0.89,0.005
173,6,A,S,F,0,173,-0.89,0.36
174,6,A,S,F,0,174,-0.89,0.715
175,6,A,S,F,0,175,-0.89,1.07
176,6,A,S,F,0,176,-0.89,1.425
177,6,A,S,F,0,177,-0.535,1.425
178,6,A,S,F,0,178,-0.18,1.425
179,6,A,S,F,0,179,0.175,1.425
180,6,A,S,F,0,180,0.53,1.425
181,6,A,S,F,0,181,0.885,1.425
182,6,A,S,F,0,182,0.885,1.07
183,6,A,S,F,0,183,0.885,0.715
184,6,A,S,F,0,184,0.885,0.36
185,6,A,S,F,0,185,0.885,0.005
186,6,A,S,F,0,186,0.885,-0.35
187,6,A,S,F,0,187,0.885,-0.705
188,6,A,S,F,0,188,0.885,-1.06
189,6,A,S,F,0,189,0.885,-1.415
190,6,A,S,F,0,190,0.53,-1.415
191,6,A,S,F,0,191,0.175,-1.415
192,6,A,S,F,0,192,-0.18,-1.415
193,6,A,S,F,0,193,-0.535,-1.415
194,6,A,S,F,0,194,0,-0.6
195,6,A,S,F,0,195,0,0.6
196,7,A,S,B,0,196,-0.89,-1.415
197,7,A,S,B,0,197,-0.89,-1.06
198,7,A,S,B,0,198,-0.89,-0.705
199,7,A,S,B,0,199,-0.89,-0.35
200,7,A,S,B,0,200,-0.89,0.005
201,7,A,S,B,0,201,-0.89,0.36
202,7,A,S,B,0,202,-0.89,0.715
203,7,A,S,B,0,203,-0.89,1.07
204,7,A,S,B,0,204,-0.89,1.425
205,7,A,S,B,0,205,-0.535,1.425
206,7,A,S,B,0,206,-0.18,1.425
207,7,A,S,B,0,207,0.175,1.425
208,7,A,S,B,0,208,0.53,1.425
209,7,A,S,B,0,209,0.885,1.425
210,7,A,S,B,0,210,0.885,1.07
211,7,A,S,B,0,211,0.885,0.715
212,7,A,S,B,0,212,0.885,0.36
213,7,A,S,B,0,213,0.885,0.005
214,7,A,S,B,0,214,0.885,-0.35
215,7,A,S,B,0,215,0.885,-0.705
216,7,A,S,B,0,216,0.885,-1.06
217,7,A,S,B,0,217,0.885,-1.415
218,7,A,S,B,0,218,0.53,-1.415
219,7,A,S,B,0,219,0.175,-1.415
220,7,A,S,B,0,220,-0.18,-1.415
221,7,A,S,B,0,221,-0.535,-1.415
222,7,A,S,B,0,222,0,-0.6
223,7,A,S,B,0,223,0,0.6
224,8,2,C,F,0,224,-0.89,-1.415
225,8,2,C,F,0,225,-0.89,-1.06
226,8,2,C,F,0,226,-0.89,-0.705
227,8,2,C,F,0,227,-0.89,-0.35
228,8,2,C,F,0,228,-0.89,0.005
229,8,2,C,F,0,229,-0.89,0.36
230,8,2,C,F,0,230,-0.89,0.715
231,8,2,C,F,0,231,-0.89,1.07
232,8,2,C,F,0,232,-0.89,1.425
233,8,2,C,F,0,233,-0.535,1.425
234,8,2,C,F,0,234,-0.18,1.425
235,8,2,C,F,0,235,0.175,1.425
236,8,2,C,F,0,236,0.53,1.425
237,8,2,C,F,0,237,0.885,1.425
238,8,2,C,F,0,238,0.885,1.07
239,8,2,C,F,0,239,0.885,0.715
240,8,2,C,F,0,240,0.885,0.36
241,8,2,C,F,0,241,0.885,0.005
242,8,2,C,F,0,242,0.885,-0.35
243,8,2,C,F,0,243,0.885,-0.705
244,8,2,C,F,0,244,0.885,-1.06
245,8,2,C,F,0,245,0.885,-1.415
246,8,2,C,F,0,246,0.53,-1.415
247,8,2,C,F,0,247,0.175,-1.415
248,8,2,C,F,0,248,-0.18,-1.415
249,8,2,C,F,0,249,-0.535,-1.415
250,8,2,C,F,0,250,0,-0.6
251,8,2,C,F,0,251,0,0.6
252,9,2,C,B,0,252,-0.89,-1.415
253,9,2,C,B,0,253,-0.89,-1.06
254,9,2,C,B,0,254,-0.89,-0.705
255,9,2,C,B,0,255,-0.89,-0.35
256,9,2,C,B,0,256,-0.89,0.005
257,9,2,C,B,0,257,-0.89,0.36
258,9,2,C,B,0,258,-0.89,0.715
259,9,2,C,B,0,259,-0.89,1.07
260,9,2,C,B,0,260,-0.89,1.425
261,9,2,C,B,0,261,-0.535,1.425
262,9,2,C,B,0,262,-0.18,1.425
263,9,2,C,B,0,263,0.175,1.425
264,9,2,C,B,0,264,0.53,1.425
265,9,2,C,B,0,265,0.885,1.425
266,9,2,C,B,0,266,0.885,1.07
267,9,2,C,B,0,267,0.885,0.715
268,9,2,C,B,0,268,0.885,0.36
269,9,2,C,B,0,269,0.885,0.005
270,9,2,C,B,0,270,0.885,-0.35
271,9,2,C,B,0,271,0.885,-0.705
272,9,2,C,B,0,272,0.885,-1.06
273,9,2,C,B,0,273,0.885,-1.415
274,9,2,C,B,0,274,0.53,-1.415
275,9,2,C,B,0,275,0.175,-1.415
276,9,2,C,B,0,276,-0.18,-1.415
277,9,2,C,B,0,277,-0.535,-1.415
278,9,2,C,B,0,278,0,-0.6
279,9,2,C,B,0,279,0,0.6
280,10,2,D,F,0,280,-0.89,-1.415
281,10,2,D,F,0,281,-0.89,-1.06
282,10,2,D,F,0,282,-0.89,-0.705
283,10,2,D,F,0,283,-0.89,-0.35
284,10,2,D,F,0,284,-0.89,0.005
285,10,2,D,F,0,285,-0.89,0.36
286,10,2,D,F,0,286,-0.89,0.715
287,10,2,D,F,0,287,-0.89,1.07
288,10,2,D,F,0,288,-0.89,1.425
289,10,2,D,F,0,289,-0.535,1.425
290,10,2,D,F,0,290,-0.18,1.425
291,10,2,D,F,0,291,0.175,1.425
292,10,2,D,F,0,292,0.53,1.425
293,10,2,D,F,0,293,0.885,1.425
294,10,2,D,F,0,294,0.885,1.07
295,10,2,D,F,0,295,0.885,0.715
296,10,2,D,F,0,296,0.885,0.36
297,10,2,D,F,0,297,0.885,0.005
298,10,2,D,F,0,298,0.885,-0.35
299,10,2,D,F,0,299,0.885,-0.705
300,10,2,D,F,0,300,0.885,-1.06
301,10,2,D,F,0,301,0.885,-1.415
302,10,2,D,F,0,302,0.53,-1.415
303,10,2,D,F,0,303,0.175,-1.415
304,10,2,D,F,0,304,-0.18,-1.415
305,10,2,D,F,0,305,-0.535,-1.415
306,10,2,D,F,0,306,0,-0.6
307,10,2,D,F,0,307,0,0.6
308,11,2,D,B,0,308,-0.89,-1.415
309,11,2,D,B,0,309,-0.89,-1.06
310,11,2,D,B,0,310,-0.89,-0.705
311,11,2,D,B,0,311,-0.89,-0.35
312,11,2,D,B,0,312,-0.89,0.005
313,11,2,D,B,0,313,-0.89,0.36
314,11,2,D,B,0,314,-0.89,0.715
315,11,2,D,B,0,315,-0.89,1.07
316,11,2,D,B,0,316,-0.89,1.425
317,11,2,D,B,0,317,-0.535,1.425
318,11,2,D,B,0,318,-0.18,1.425
319,11,2,D,B,0,319,0.175,1.425
320,11,2,D,B,0,320,0.53,1.425
321,11,2,D,B,0,321,0.885,1.425
322,11,2,D,B,0,322,0.885,1.07
323,11,2,D,B,0,323,0.885,0.715
324,11,2,D,B,0,324,0.885,0.36
325,11,2,D,B,0,325,0.885,0.005
326,11,2,D,B,0,326,0.885,-0.35
327,11,2,D,B,0,327,0.885,-0.705
328,11,2,D,B,0,328,0.885,-1.06
329,11,2,D,B,0,329,0.885,-1.415
330,11,2,D,B,0,330,0.53,-1.415
331,11,2,D,B,0,331,0.175,-1.415
332,11,2,D,B,0,332,-0.18,-1.415
333,11,2,D,B,0,333,-0.535,-1.415
334,11,2,D,B,0,334,0,-0.6
335,11,2,D,B,0,335,0,0.6
336,12,2,H,F,0,336,-0.89,-1.415
337,12,2,H,F,0,337,-0.89,-1.06
338,12,2,H,F,0,338,-0.89,-0.705
339,12,2,H,F,0,339,-0.89,-0.35
340,12,2,H,F,0,340,-0.89,0.005
341,12,2,H,F,0,341,-0.89,0.36
342,12,2,H,F,0,342,-0.89,0.715
343,12,2,H,F,0,343,-0.89,1.07
344,12,2,H,F,0,344,-0.89,1.425
345,12,2,H,F,0,345,-0.535,1.425
346,12,2,H,F,0,346,-0.18,1.425
347,12,2,H,F,0,347,0.175,1.425
348,12,2,H,F,0,348,0.53,1.425
349,12,2,H,F,0,349,0.885,1.425
350,12,2,H,F,0,350,0.885,1.07
351,12,2,H,F,0,351,0.885,0.715
352,12,2,H,F,0,352,0.885,0.36
353,12,2,H,F,0,353,0.885,0.005
354,12,2,H,F,0,354,0.885,-0.35
355,12,2,H,F,0,355,0.885,-0.705
356,12,2,H,F,0,356,0.885,-1.06
357,12,2,H,F,0,357,0.885,-1.415
358,12,2,H,F,0,358,0.53,-1.415
359,12,2,H,F,0,359,0.175,-1.415
360,12,2,H,F,0,360,-0.18,-1.415
361,12,2,H,F,0,361,-0.535,-1.415
362,12,2,H,F,0,362,0,-0.6
363,12,2,H,F,0,363,0,0.6
364,13,2,H,B,0,364,-0.89,-1.415
365,13,2,H,B,0,365,-0.89,-1.06
366,13,2,H,B,0,366,-0.89,-0.705
367,13,2,H,B,0,367,-0.89,-0.35
368,13,2,H,B,0,368,-0.89,0.005
369,13,2,H,B,0,369,-0.89,0.36
370,13,2,H,B,0,370,-0.89,0.715
371,13,2,H,B,0,371,-0.89,1.07
372,13,2,H,B,0,372,-0.89,1.425
373,13,2,H,B,0,373,-0.535,1.425
374,13,2,H,B,0,374,-0.18,1.425
375,13,2,H,B,0,375,0.175,1.425
376,13,2,H,B,0,376,0.53,1.425
377,13,2,H,B,0,377,0.885,1.425
378,13,2,H,B,0,378,0.885,1.07
379,13,2,H,B,0,379,0.885,0.715
380,13,2,H,B,0,380,0.885,0.36
381,13,2,H,B,0,381,0.885,0.005
382,13,2,H,B,0,382,0.885,-0.35
383,13,2,H,B,0,383,0.885,-0.705
384,13,2,H,B,0,384,0.885,-1.06
385,13,2,H,B,0,385,0.885,-1.415
386,13,2,H,B,0,386,0.53,-1.415
387,13,2,H,B,0,387,0.175,-1.415
388,13,2,H,B,0,388,-0.18,-1.415
389,13,2,H,B,0,389,-0.535,-1.415
390,13,2,H,B,0,390,0,-0.6
391,13,2,H,B,0,391,0,0.6
392,14,2,S,F,0,392,-0.89,-1.415
393,14,2,S,F,0,393,-0.89,-1.06
394,14,2,S,F,0,394,-0.89,-0.705
395,14,2,S,F,0,395,-0.89,-0.35
396,14,2,S,F,0,396,-0.89,0.005
397,14,2,S,F,0,397,-0.89,0.36
398,14,2,S,F,0,398,-0.89,0.715
399,14,2,S,F,0,399,-0.89,1.07
400,14,2,S,F,0,400,-0.89,1.425
401,14,2,S,F,0,401,-0.535,1.425
402,14,2,S,F,0,402,-0.18,1.425
403,14,2,S,F,0,403,0.175,1.425
404,14,2,S,F,0,404,0.53,1.425
405,14,2,S,F,0,405,0.885,1.425
406,14,2,S,F,0,406,0.885,1.07
407,14,2,S,F,0,407,0.885,0.715
408,14,2,S,F,0,408,0.885,0.36
409,14,2,S,F,0,409,0.885,0.005
410,14,2,S,F,0,410,0.885,-0.35
411,14,2,S,F,0,411,0.885,-0.705
412,14,2,S,F,0,412,0.885,-1.06
413,14,2,S,F,0,413,0.885,-1.415
414,14,2,S,F,0,414,0.53,-1.415
415,14,2,S,F,0,415,0.175,-1.415
416,14,2,S,F,0,416,-0.18,-1.415
417,14,2,S,F,0,417,-0.535,-1.415
418,14,2,S,F,0,418,0,-0.6
419,14,2,S,F,0,419,0,0.6
420,15,2,S,B,0,420,-0.89,-1.415
421,15,2,S,B,0,421,-0.89,-1.06
422,15,2,S,B,0,422,-0.89,-0.705
423,15,2,S,B,0,423,-0.89,-0.35
424,15,2,S,B,0,424,-0.89,0.005
425,15,2,S,B,0,425,-0.89,0.36
426,15,2,S,B,0,426,-0.89,0.715
427,15,2,S,B,0,427,-0.89,1.07
428,15,2,S,B,0,428,-0.89,1.425
429,15,2,S,B,0,429,-0.535,1.425
430,15,2,S,B,0,430,-0.18,1.425
431,15,2,S,B,0,431,0.175,1.425
432,15,2,S,B,0,432,0.53,1.425
433,15,2,S,B,0,433,0.885,1.425
434,15,2,S,B,0,434,0.885,1.07
435,15,2,S,B,0,435,0.885,0.715
436,15,2,S,B,0,436,0.885,0.36
437,15,2,S,B,0,437,0.885,0.005
438,15,2,S,B,0,438,0.885,-0.35
439,15,2,S,B,0,439,0.885,-0.705
440,15,2,S,B,0,440,0.885,-1.06
441,15,2,S,B,0,441,0.885,-1.415
442,15,2,S,B,0,442,0.53,-1.415
443,15,2,S,B,0,443,0.175,-1.415
444,15,2,S,B,0,444,-0.18,-1.415
445,15,2,S,B,0,445,-0.535,-1.415
446,15,2,S,B,0,446,0,-0.6
447,15,2,S,B,0,447,0,0.6
448,16,3,C,F,0,448,-0.89,-1.415
449,16,3,C,F,0,449,-0.89,-1.06
450,16,3,C,F,0,450,-0.89,-0.705
451,16,3,C,F,0,451,-0.89,-0.35
452,16,3,C,F,0,452,-0.89,0.005
453,16,3,C,F,0,453,-0.89,0.36
454,16,3,C,F,0,454,-0.89,0.715
455,16,3,C,F,0,455,-0.89,1.07
456,16,3,C,F,0,456,-0.89,1.425
457,16,3,C,F,0,457,-0.535,1.425
458,16,3,C,F,0,458,-0.18,1.425
459,16,3,C,F,0,459,0.175,1.425
460,16,3,C,F,0,460,0.53,1.425
461,16,3,C,F,0,461,0.885,1.425
462,16,3,C,F,0,462,0.885,1.07
463,16,3,C,F,0,463,0.885,0.715
464,16,3,C,F,0,464,0.885,0.36
465,16,3,C,F,0,465,0.885,0.005
466,16,3,C,F,0,466,0.885,-0.35
467,16,3,C,F,0,467,0.885,-0.705
468,16,3,C,F,0,468,0.885,-1.06
469,16,3,C,F,0,469,0.885,-1.415
470,16,3,C,F,0,470,0.53,-1.415
471,16,3,C,F,0,471,0.175,-1.415
472,16,3,C,F,0,472,-0.18,-1.415
473,16,3,C,F,0,473,-0.535,-1.415
474,16,3,C,F,0,474,0,-0.6
475,16,3,C,F,0,475,0,0.6
476,17,3,C,B,0,476,-0.89,-1.415
477,17,3,C,B,0,477,-0.89,-1.06
478,17,3,C,B,0,478,-0.89,-0.705
479,17,3,C,B,0,479,-0.89,-0.35
480,17,3,C,B,0,480,-0.89,0.005
481,17,3,C,B,0,481,-0.89,0.36
482,17,3,C,B,0,482,-0.89,0.715
483,17,3,C,B,0,483,-0.89,1.07
484,17,3,C,B,0,484,-0.89,1.425
485,17,3,C,B,0,485,-0.535,1.425
486,17,3,C,B,0,486,-0.18,1.425
487,17,3,C,B,0,487,0.175,1.425
488,17,3,C,B,0,488,0.53,1.425
489,17,3,C,B,0,489,0.885,1.425
490,17,3,C,B,0,490,0.885,1.07
491,17,3,C,B,0,491,0.885,0.715
492,17,3,C,B,0,492,0.885,0.36
493,17,3,C,B,0,493,0.885,0.005
494,17,3,C,B,0,494,0.885,-0.35
495,17,3,C,B,0,495,0.885,-0.705
496,17,3,C,B,0,496,0.885,-1.06
497,17,3,C,B,0,497,0.885,-1.415
498,17,3,C,B,0,498,0.53,-1.415
499,17,3,C,B,0,499,0.175,-1.415
500,17,3,C,B,0,500,-0.18,-1.415
501,17,3,C,B,0,501,-0.535,-1.415
502,17,3,C,B,0,502,0,-0.6
503,17,3,C,B,0,503,0,0.6
504,18,3,D,F,0,504,-0.89,-1.415
505,18,3,D,F,0,505,-0.89,-1.06
506,18,3,D,F,0,506,-0.89,-0.705
507,18,3,D,F,0,507,-0.89,-0.35
508,18,3,D,F,0,508,-0.89,0.005
509,18,3,D,F,0,509,-0.89,0.36
510,18,3,D,F,0,510,-0.89,0.715
511,18,3,D,F,0,511,-0.89,1.07
512,18,3,D,F,0,512,-0.89,1.425
513,18,3,D,F,0,513,-0.535,1.425
514,18,3,D,F,0,514,-0.18,1.425
515,18,3,D,F,0,515,0.175,1.425
516,18,3,D,F,0,516,0.53,1.425
517,18,3,D,F,0,517,0.885,1.425
518,18,3,D,F,0,518,0.885,1.07
519,18,3,D,F,0,519,0.885,0.715
520,18,3,D,F,0,520,0.885,0.36
521,18,3,D,F,0,521,0.885,0.005
522,18,3,D,F,0,522,0.885,-0.35
523,18,3,D,F,0,523,0.885,-0.705
524,18,3,D,F,0,524,0.885,-1.06
525,18,3,D,F,0,525,0.885,-1.415
526,18,3,D,F,0,526,0.53,-1.415
527,18,3,D,F,0,527,0.175,-1.415
528,18,3,D,F,0,528,-0.18,-1.415
529,18,3,D,F,0,529,-0.535,-1.415
530,18,3,D,F,0,530,0,-0.6
531,18,3,D,F,0,531,0,0.6
532,19,3,D,B,0,532,-0.89,-1.415
533,19,3,D,B,0,533,-0.89,-1.06
534,19,3,D,B,0,534,-0.89,-0.705
535,19,3,D,B,0,535,-0.89,-0.35
536,19,3,D,B,0,536,-0.89,0.005
537,19,3,D,B,0,537,-0.89,0.36
538,19,3,D,B,0,538,-0.89,0.715
539,19,3,D,B,0,539,-0.89,1.07
540,19,3,D,B,0,540,-0.89,1.425
541,19,3,D,B,0,541,-0.535,1.425
542,19,3,D,B,0,542,-0.18,1.425
543,19,3,D,B,0,543,0.175,1.425
544,19,3,D,B,0,544,0.53,1.425
545,19,3,D,B,0,545,0.885,1.425
546,19,3,D,B,0,546,0.885,1.07
547,19,3,D,B,0,547,0.885,0.715
548,19,3,D,B,0,548,0.885,0.36
549,19,3,D,B,0,549,0.885,0.005
550,19,3,D,B,0,550,0.885,-0.35
551,19,3,D,B,0,551,0.885,-0.705
552,19,3,D,B,0,552,0.885,-1.06
553,19,3,D,B,0,553,0.885,-1.415
554,19,3,D,B,0,554,0.53,-1.415
555,19,3,D,B,0,555,0.175,-1.415
556,19,3,D,B,0,556,-0.18,-1.415
557,19,3,D,B,0,557,-0.535,-1.415
558,19,3,D,B,0,558,0,-0.6
559,19,3,D,B,0,559,0,0.6
560,20,3,H,F,0,560,-0.89,-1.415
561,20,3,H,F,0,561,-0.89,-1.06
562,20,3,H,F,0,562,-0.89,-0.705
563,20,3,H,F,0,563,-0.89,-0.35
564,20,3,H,F,0,564,-0.89,0.005
565,20,3,H,F,0,565,-0.89,0.36
566,20,3,H,F,0,566,-0.89,0.715
567,20,3,H,F,0,567,-0.89,1.07
568,20,3,H,F,0,568,-0.89,1.425
569,20,3,H,F,0,569,-0.535,1.425
570,20,3,H,F,0,570,-0.18,1.425
571,20,3,H,F,0,571,0.175,1.425
572,20,3,H,F,0,572,0.53,1.425
573,20,3,H,F,0,573,0.885,1.425
574,20,3,H,F,0,574,0.885,1.07
575,20,3,H,F,0,575,0.885,0.715
576,20,3,H,F,0,576,0.885,0.36
577,20,3,H,F,0,577,0.885,0.005
578,20,3,H,F,0,578,0.885,-0.35
579,20,3,H,F,0,579,0.885,-0.705
580,20,3,H,F,0,580,0.885,-1.06
581,20,3,H,F,0,581,0.885,-1.415
582,20,3,H,F,0,582,0.53,-1.415
583,20,3,H,F,0,583,0.175,-1.415
584,20,3,H,F,0,584,-0.18,-1.415
585,20,3,H,F,0,585,-0.535,-1.415
586,20,3,H,F,0,586,0,-0.6
587,20,3,H,F,0,587,0,0.6
588,21,3,H,B,0,588,-0.89,-1.415
589,21,3,H,B,0,589,-0.89,-1.06
590,21,3,H,B,0,590,-0.89,-0.705
591,21,3,H,B,0,591,-0.89,-0.35
592,21,3,H,B,0,592,-0.89,0.005
593,21,3,H,B,0,593,-0.89,0.36
594,21,3,H,B,0,594,-0.89,0.715
595,21,3,H,B,0,595,-0.89,1.07
596,21,3,H,B,0,596,-0.89,1.425
597,21,3,H,B,0,597,-0.535,1.425
598,21,3,H,B,0,598,-0.18,1.425
599,21,3,H,B,0,599,0.175,1.425
600,21,3,H,B,0,600,0.53,1.425
601,21,3,H,B,0,601,0.885,1.425
602,21,3,H,B,0,602,0.885,1.07
603,21,3,H,B,0,603,0.885,0.715
604,21,3,H,B,0,604,0.885,0.36
605,21,3,H,B,0,605,0.885,0.005
606,21,3,H,B,0,606,0.885,-0.35
607,21,3,H,B,0,607,0.885,-0.705
608,21,3,H,B,0,608,0.885,-1.06
609,21,3,H,B,0,609,0.885,-1.415
610,21,3,H,B,0,610,0.53,-1.415
611,21,3,H,B,0,611,0.175,-1.415
612,21,3,H,B,0,612,-0.18,-1.415
613,21,3,H,B,0,613,-0.535,-1.415
614,21,3,H,B,0,614,0,-0.6
615,21,3,H,B,0,615,0,0.6
616,22,3,S,F,0,616,-0.89,-1.415
617,22,3,S,F,0,617,-0.89,-1.06
618,22,3,S,F,0,618,-0.89,-0.705
619,22,3,S,F,0,619,-0.89,-0.35
620,22,3,S,F,0,620,-0.89,0.005
621,22,3,S,F,0,621,-0.89,0.36
622,22,3,S,F,0,622,-0.89,0.715
623,22,3,S,F,0,623,-0.89,1.07
624,22,3,S,F,0,624,-0.89,1.425
625,22,3,S,F,0,625,-0.535,1.425
626,22,3,S,F,0,626,-0.18,1.425
627,22,3,S,F,0,627,0.175,1.425
628,22,3,S,F,0,628,0.53,1.425
629,22,3,S,F,0,629,0.885,1.425
630,22,3,S,F,0,630,0.885,1.07
631,22,3,S,F,0,631,0.885,0.715
632,22,3,S,F,0,632,0.885,0.36
633,22,3,S,F,0,633,0.885,0.005
634,22,3,S,F,0,634,0.885,-0.35
635,22,3,S,F,0,635,0.885,-0.705
636,22,3,S,F,0,636,0.885,-1.06
637,22,3,S,F,0,637,0.885,-1.415
638,22,3,S,F,0,638,0.53,-1.415
639,22,3,S,F,0,639,0.175,-1.415
640,22,3,S,F,0,640,-0.18,-1.415
641,22,3,S,F,0,641,-0.535,-1.415
642,22,3,S,F,0,642,0,-0.6
643,22,3,S,F,0,643,0,0.6
644,23,3,S,B,0,644,-0.89,-1.415
645,23,3,S,B,0,645,-0.89,-1.06
646,23,3,S,B,0,646,-0.89,-0.705
647,23,3,S,B,0,647,-0.89,-0.35
648,23,3,S,B,0,648,-0.89,0.005
649,23,3,S,B,0,649,-0.89,0.36
650,23,3,S,B,0,650,-0.89,0.715
651,23,3,S,B,0,651,-0.89,1.07
652,23,3,S,B,0,652,-0.89,1.425
653,23,3,S,B,0,653,-0.535,1.425
654,23,3,S,B,0,654,-0.18,1.425
655,23,3,S,B,0,655,0.175,1.425
656,23,3,S,B,0,656,0.53,1.425
657,23,3,S,B,0,657,0.885,1.425
658,23,3,S,B,0,658,0.885,1.07
659,23,3,S,B,0,659,0.885,0.715
660,23,3,S,B,0,660,0.885,0.36
661,23,3,S,B,0,661,0.885,0.005
662,23,3,S,B,0,662,0.885,-0.35
663,23,3,S,B,0,663,0.885,-0.705
664,23,3,S,B,0,664,0.885,-1.06
665,23,3,S,B,0,665,0.885,-1.415
666,23,3,S,B,0,666,0.53,-1.415
667,23,3,S,B,0,667,0.175,-1.415
668,23,3,S,B,0,668,-0.18,-1.415
669,23,3,S,B,0,669,-0.535,-1.415
670,23,3,S,B,0,670,0,-0.6
671,23,3,S,B,0,671,0,0.6
672,24,4,C,F,0,672,-0.89,-1.415
673,24,4,C,F,0,673,-0.89,-1.06
674,24,4,C,F,0,674,-0.89,-0.705
675,24,4,C,F,0,675,-0.89,-0.35
676,24,4,C,F,0,676,-0.89,0.005
677,24,4,C,F,0,677,-0.89,0.36
678,24,4,C,F,0,678,-0.89,0.715
679,24,4,C,F,0,679,-0.89,1.07
680,24,4,C,F,0,680,-0.89,1.425
681,24,4,C,F,0,681,-0.535,1.425
682,24,4,C,F,0,682,-0.18,1.425
683,24,4,C,F,0,683,0.175,1.425
684,24,4,C,F,0,684,0.53,1.425
685,24,4,C,F,0,685,0.885,1.425
686,24,4,C,F,0,686,0.885,1.07
687,24,4,C,F,0,687,0.885,0.715
688,24,4,C,F,0,688,0.885,0.36
689,24,4,C,F,0,689,0.885,0.005
690,24,4,C,F,0,690,0.885,-0.35
691,24,4,C,F,0,691,0.885,-0.705
692,24,4,C,F,0,692,0.885,-1.06
693,24,4,C,F,0,693,0.885,-1.415
694,24,4,C,F,0,694,0.53,-1.415
695,24,4,C,F,0,695,0.175,-1.415
696,24,4,C,F,0,696,-0.18,-1.415
697,24,4,C,F,0,697,-0.535,-1.415
698,24,4,C,F,0,698,0,-0.6
699,24,4,C,F,0,699,0,0.6
700,25,4,C,B,0,700,-0.89,-1.415
701,25,4,C,B,0,701,-0.89,-1.06
702,25,4,C,B,0,702,-0.89,-0.705
703,25,4,C,B,0,703,-0.89,-0.35
704,25,4,C,B,0,704,-0.89,0.005
705,25,4,C,B,0,705,-0.89,0.36
706,25,4,C,B,0,706,-0.89,0.715
707,25,4,C,B,0,707,-0.89,1.07
708,25,4,C,B,0,708,-0.89,1.425
709,25,4,C,B,0,709,-0.535,1.425
710,25,4,C,B,0,710,-0.18,1.425
711,25,4,C,B,0,711,0.175,1.425
712,25,4,C,B,0,712,0.53,1.425
713,25,4,C,B,0,713,0.885,1.425
714,25,4,C,B,0,714,0.885,1.07
715,25,4,C,B,0,715,0.885,0.715
716,25,4,C,B,0,716,0.885,0.36
717,25,4,C,B,0,717,0.885,0.005
718,25,4,C,B,0,718,0.885,-0.35
719,25,4,C,B,0,719,0.885,-0.705
720,25,4,C,B,0,720,0.885,-1.06
721,25,4,C,B,0,721,0.885,-1.415
722,25,4,C,B,0,722,0.53,-1.415
723,25,4,C,B,0,723,0.175,-1.415
724,25,4,C,B,0,724,-0.18,-1.415
725,25,4,C,B,0,725,-0.535,-1.415
726,25,4,C,B,0,726,0,-0.6
727,25,4,C,B,0,727,0,0.6
728,26,4,D,F,0,728,-0.89,-1.415
729,26,4,D,F,0,729,-0.89,-1.06
730,26,4,D,F,0,730,-0.89,-0.705
731,26,4,D,F,0,731,-0.89,-0.35
732,26,4,D,F,0,732,-0.89,0.005
733,26,4,D,F,0,733,-0.89,0.36
734,26,4,D,F,0,734,-0.89,0.715
735,26,4,D,F,0,735,-0.89,1.07
736,26,4,D,F,0,736,-0.89,1.425
737,26,4,D,F,0,737,-0.535,1.425
738,26,4,D,F,0,738,-0.18,1.425
739,26,4,D,F,0,739,0.175,1.425
740,26,4,D,F,0,740,0.53,1.425
741,26,4,D,F,0,741,0.885,1.425
742,26,4,D,F,0,742,0.885,1.07
743,26,4,D,F,0,743,0.885,0.715
744,26,4,D,F,0,744,0.885,0.36
745,26,4,D,F,0,745,0.885,0.005
746,26,4,D,F,0,746,0.885,-0.35
747,26,4,D,F,0,747,0.885,-0.705
748,26,4,D,F,0,748,0.885,-1.06
749,26,4,D,F,0,749,0.885,-1.415
750,26,4,D,F,0,750,0.53,-1.415
751,26,4,D,F,0,751,0.175,-1.415
752,26,4,D,F,0,752,-0.18,-1.415
753,26,4,D,F,0,753,-0.535,-1.415
754,26,4,D,F,0,754,0,-0.6
755,26,4,D,F,0,755,0,0.6
756,27,4,D,B,0,756,-0.89,-1.415
757,27,4,D,B,0,757,-0.89,-1.06
758,27,4,D,B,0,758,-0.89,-0.705
759,27,4,D,B,0,759,-0.89,-0.35
760,27,4,D,B,0,760,-0.89,0.005
761,27,4,D,B,0,761,-0.89,0.36
762,27,4,D,B,0,762,-0.89,0.715
763,27,4,D,B,0,763,-0.89,1.07
764,27,4,D,B,0,764,-0.89,1.425
765,27,4,D,B,0,765,-0.535,1.425
766,27,4,D,B,0,766,-0.18,1.425
767,27,4,D,B,0,767,0.175,1.425
768,27,4,D,B,0,768,0.53,1.425
769,27,4,D,B,0,769,0.885,1.425
770,27,4,D,B,0,770,0.885,1.07
771,27,4,D,B,0,771,0.885,0.715
772,27,4,D,B,0,772,0.885,0.36
773,27,4,D,B,0,773,0.885,0.005
774,27,4,D,B,0,774,0.885,-0.35
775,27,4,D,B,0,775,0.885,-0.705
776,27,4,D,B,0,776,0.885,-1.06
777,27,4,D,B,0,777,0.885,-1.415
778,27,4,D,B,0,778,0.53,-1.415
779,27,4,D,B,0,779,0.175,-1.415
780,27,4,D,B,0,780,-0.18,-1.415
781,27,4,D,B,0,781,-0.535,-1.415
782,27,4,D,B,0,782,0,-0.6
783,27,4,D,B,0,783,0,0.6
784,28,4,H,F,0,784,-0.89,-1.415
785,28,4,H,F,0,785,-0.89,-1.06
786,28,4,H,F,0,786,-0.89,-0.705
787,28,4,H,F,0,787,-0.89,-0.35
788,28,4,H,F,0,788,-0.89,0.005
789,28,4,H,F,0,789,-0.89,0.36
790,28,4,H,F,0,790,-0.89,0.715
791,28,4,H,F,0,791,-0.89,1.07
792,28,4,H,F,0,792,-0.89,1.425
793,28,4,H,F,0,793,-0.535,1.425
794,28,4,H,F,0,794,-0.18,1.425
795,28,4,H,F,0,795,0.175,1.425
796,28,4,H,F,0,796,0.53,1.425
797,28,4,H,F,0,797,0.885,1.425
798,28,4,H,F,0,798,0.885,1.07
799,28,4,H,F,0,799,0.885,0.715
800,28,4,H,F,0,800,0.885,0.36
801,28,4,H,F,0,801,0.885,0.005
802,28,4,H,F,0,802,0.885,-0.35
803,28,4,H,F,0,803,0.885,-0.705
804,28,4,H,F,0,804,0.885,-1.06
805,28,4,H,F,0,805,0.885,-1.415
806,28,4,H,F,0,806,0.53,-1.415
807,28,4,H,F,0,807,0.175,-1.415
808,28,4,H,F,0,808,-0.18,-1.415
809,28,4,H,F,0,809,-0.535,-1.415
810,28,4,H,F,0,810,0,-0.6
811,28,4,H,F,0,811,0,0.6
812,29,4,H,B,0,812,-0.89,-1.415
813,29,4,H,B,0,813,-0.89,-1.06
814,29,4,H,B,0,814,-0.89,-0.705
815,29,4,H,B,0,815,-0.89,-0.35
816,29,4,H,B,0,816,-0.89,0.005
817,29,4,H,B,0,817,-0.89,0.36
818,29,4,H,B,0,818,-0.89,0.715
819,29,4,H,B,0,819,-0.89,1.07
820,29,4,H,B,0,820,-0.89,1.425
821,29,4,H,B,0,821,-0.535,1.425
822,29,4,H,B,0,822,-0.18,1.425
823,29,4,H,B,0,823,0.175,1.425
824,29,4,H,B,0,824,0.53,1.425
825,29,4,H,B,0,825,0.885,1.425
826,29,4,H,B,0,826,0.885,1.07
827,29,4,H,B,0,827,0.885,0.715
828,29,4,H,B,0,828,0.885,0.36
829,29,4,H,B,0,829,0.885,0.005
830,29,4,H,B,0,830,0.885,-0.35
831,29,4,H,B,0,831,0.885,-0.705
832,29,4,H,B,0,832,0.885,-1.06
833,29,4,H,B,0,833,0.885,-1.415
834,29,4,H,B,0,834,0.53,-1.415
835,29,4,H,B,0,835,0.175,-1.415
836,29,4,H,B,0,836,-0.18,-1.415
837,29,4,H,B,0,837,-0.535,-1.415
838,29,4,H,B,0,838,0,-0.6
839,29,4,H,B,0,839,0,0.6
840,30,4,S,F,0,840,-0.89,-1.415
841,30,4,S,F,0,841,-0.89,-1.06
842,30,4,S,F,0,842,-0.89,-0.705
843,30,4,S,F,0,843,-0.89,-0.35
844,30,4,S,F,0,844,-0.89,0.005
845,30,4,S,F,0,845,-0.89,0.36
846,30,4,S,F,0,846,-0.89,0.715
847,30,4,S,F,0,847,-0.89,1.07
848,30,4,S,F,0,848,-0.89,1.425
849,30,4,S,F,0,849,-0.535,1.425
850,30,4,S,F,0,850,-0.18,1.425
851,30,4,S,F,0,851,0.175,1.425
852,30,4,S,F,0,852,0.53,1.425
853,30,4,S,F,0,853,0.885,1.425
854,30,4,S,F,0,854,0.885,1.07
855,30,4,S,F,0,855,0.885,0.715
856,30,4,S,F,0,856,0.885,0.36
857,30,4,S,F,0,857,0.885,0.005
858,30,4,S,F,0,858,0.885,-0.35
859,30,4,S,F,0,859,0.885,-0.705
860,30,4,S,F,0,860,0.885,-1.06
861,30,4,S,F,0,861,0.885,-1.415
862,30,4,S,F,0,862,0.53,-1.415
863,30,4,S,F,0,863,0.175,-1.415
864,30,4,S,F,0,864,-0.18,-1.415
865,30,4,S,F,0,865,-0.535,-1.415
866,30,4,S,F,0,866,0,-0.6
867,30,4,S,F,0,867,0,0.6
868,31,4,S,B,0,868,-0.89,-1.415
869,31,4,S,B,0,869,-0.89,-1.06
870,31,4,S,B,0,870,-0.89,-0.705
871,31,4,S,B,0,871,-0.89,-0.35
872,31,4,S,B,0,872,-0.89,0.005
873,31,4,S,B,0,873,-0.89,0.36
874,31,4,S,B,0,874,-0.89,0.715
875,31,4,S,B,0,875,-0.89,1.07
876,31,4,S,B,0,876,-0.89,1.425
877,31,4,S,B,0,877,-0.535,1.425
878,31,4,S,B,0,878,-0.18,1.425
879,31,4,S,B,0,879,0.175,1.425
880,31,4,S,B,0,880,0.53,1.425
881,31,4,S,B,0,881,0.885,1.425
882,31,4,S,B,0,882,0.885,1.07
883,31,4,S,B,0,883,0.885,0.715
884,31,4,S,B,0,884,0.885,0.36
885,31,4,S,B,0,885,0.885,0.005
886,31,4,S,B,0,886,0.885,-0.35
887,31,4,S,B,0,887,0.885,-0.705
888,31,4,S,B,0,888,0.885,-1.06
889,31,4,S,B,0,889,0.885,-1.415
890,31,4,S,B,0,890,0.53,-1.415
891,31,4,S,B,0,891,0.175,-1.415
892,31,4,S,B,0,892,-0.18,-1.415
893,31,4,S,B,0,893,-0.535,-1.415
894,31,4,S,B,0,894,0,-0.6
895,31,4,S,B,0,895,0,0.6
896,32,5,C,F,0,896,-0.89,-1.415
897,32,5,C,F,0,897,-0.89,-1.06
898,32,5,C,F,0,898,-0.89,-0.705
899,32,5,C,F,0,899,-0.89,-0.35
900,32,5,C,F,0,900,-0.89,0.005
901,32,5,C,F,0,901,-0.89,0.36
902,32,5,C,F,0,902,-0.89,0.715
903,32,5,C,F,0,903,-0.89,1.07
904,32,5,C,F,0,904,-0.89,1.425
905,32,5,C,F,0,905,-0.535,1.425
906,32,5,C,F,0,906,-0.18,1.425
907,32,5,C,F,0,907,0.175,1.425
908,32,5,C,F,0,908,0.53,1.425
909,32,5,C,F,0,909,0.885,1.425
910,32,5,C,F,0,910,0.885,1.07
911,32,5,C,F,0,911,0.885,0.715
912,32,5,C,F,0,912,0.885,0.36
913,32,5,C,F,0,913,0.885,0.005
914,32,5,C,F,0,914,0.885,-0.35
915,32,5,C,F,0,915,0.885,-0.705
916,32,5,C,F,0,916,0.885,-1.06
917,32,5,C,F,0,917,0.885,-1.415
918,32,5,C,F,0,918,0.53,-1.415
919,32,5,C,F,0,919,0.175,-1.415
920,32,5,C,F,0,920,-0.18,-1.415
921,32,5,C,F,0,921,-0.535,-1.415
922,32,5,C,F,0,922,0,-0.6
923,32,5,C,F,0,923,0,0.6
924,33,5,C,B,0,924,-0.89,-1.415
925,33,5,C,B,0,925,-0.89,-1.06
926,33,5,C,B,0,926,-0.89,-0.705
927,33,5,C,B,0,927,-0.89,-0.35
928,33,5,C,B,0,928,-0.89,0.005
929,33,5,C,B,0,929,-0.89,0.36
930,33,5,C,B,0,930,-0.89,0.715
931,33,5,C,B,0,931,-0.89,1.07
932,33,5,C,B,0,932,-0.89,1.425
933,33,5,C,B,0,933,-0.535,1.425
934,33,5,C,B,0,934,-0.18,1.425
935,33,5,C,B,0,935,0.175,1.425
936,33,5,C,B,0,936,0.53,1.425
937,33,5,C,B,0,937,0.885,1.425
938,33,5,C,B,0,938,0.885,1.07
939,33,5,C,B,0,939,0.885,0.715
940,33,5,C,B,0,940,0.885,0.36
941,33,5,C,B,0,941,0.885,0.005
942,33,5,C,B,0,942,0.885,-0.35
943,33,5,C,B,0,943,0.885,-0.705
944,33,5,C,B,0,944,0.885,-1.06
945,33,5,C,B,0,945,0.885,-1.415
946,33,5,C,B,0,946,0.53,-1.415
947,33,5,C,B,0,947,0.175,-1.415
948,33,5,C,B,0,948,-0.18,-1.415
949,33,5,C,B,0,949,-0.535,-1.415
950,33,5,C,B,0,950,0,-0.6
951,33,5,C,B,0,951,0,0.6
952,34,5,D,F,0,952,-0.89,-1.415
953,34,5,D,F,0,953,-0.89,-1.06
954,34,5,D,F,0,954,-0.89,-0.705
955,34,5,D,F,0,955,-0.89,-0.35
956,34,5,D,F,0,956,-0.89,0.005
957,34,5,D,F,0,957,-0.89,0.36
958,34,5,D,F,0,958,-0.89,0.715
959,34,5,D,F,0,959,-0.89,1.07
960,34,5,D,F,0,960,-0.89,1.425
961,34,5,D,F,0,961,-0.535,1.425
962,34,5,D,F,0,962,-0.18,1.425
963,34,5,D,F,0,963,0.175,1.425
964,34,5,D,F,0,964,0.53,1.425
965,34,5,D,F,0,965,0.885,1.425
966,34,5,D,F,0,966,0.885,1.07
967,34,5,D,F,0,967,0.885,0.715
968,34,5,D,F,0,968,0.885,0.36
969,34,5,D,F,0,969,0.885,0.005
970,34,5,D,F,0,970,0.885,-0.35
971,34,5,D,F,0,971,0.885,-0.705
972,34,5,D,F,0,972,0.885,-1.06
973,34,5,D,F,0,973,0.885,-1.415
974,34,5,D,F,0,974,0.53,-1.415
975,34,5,D,F,0,975,0.175,-1.415
976,34,5,D,F,0,976,-0.18,-1.415
977,34,5,D,F,0,977,-0.535,-1.415
978,34,5,D,F,0,978,0,-0.6
979,34,5,D,F,0,979,0,0.6
980,35,5,D,B,1,0,-0.89,-1.415
981,35,5,D,B,1,1,-0.89,-1.06
982,35,5,D,B,1,2,-0.89,-0.705
983,35,5,D,B,1,3,-0.89,-0.35
984,35,5,D,B,1,4,-0.89,0.005
985,35,5,D,B,1,5,-0.89,0.36
986,35,5,D,B,1,6,-0.89,0.715
987,35,5,D,B,1,7,-0.89,1.07
988,35,5,D,B,1,8,-0.89,1.425
989,35,5,D,B,1,9,-0.535,1.425
990,35,5,D,B,1,10,-0.18,1.425
991,35,5,D,B,1,11,0.175,1.425
992,35,5,D,B,1,12,0.53,1.425
993,35,5,D,B,1,13,0.885,1.425
994,35,5,D,B,1,14,0.885,1.07
995,35,5,D,B,1,15,0.885,0.715
996,35,5,D,B,1,16,0.885,0.36
997,35,5,D,B,1,17,0.885,0.005
998,35,5,D,B,1,18,0.885,-0.35
999,35,5,D,B,1,19,0.885,-0.705
1000,35,5,D,B,1,20,0.885,-1.06
1001,35,5,D,B,1,21,0.885,-1.415
1002,35,5,D,B,1,22,0.53,-1.415
1003,35,5,D,B,1,23,0.175,-1.415
1004,35,5,D,B,1,24,-0.18,-1.415
1005,35,5,D,B,1,25,-0.535,-1.415
1006,35,5,D,B,1,26,0,-0.6
1007,35,5,D,B,1,27,0,0.6
1008,36,5,H,F,1,28,-0.89,-1.415
1009,36,5,H,F,1,29,-0.89,-1.06
1010,36,5,H,F,1,30,-0.89,-0.705
1011,36,5,H,F,1,31,-0.89,-0.35
1012,36,5,H,F,1,32,-0.89,0.005
1013,36,5,H,F,1,33,-0.89,0.36
1014,36,5,H,F,1,34,-0.89,0.715
1015,36,5,H,F,1,35,-0.89,1.07
1016,36,5,H,F,1,36,-0.89,1.425
1017,36,5,H,F,1,37,-0.535,1.425
1018,36,5,H,F,1,38,-0.18,1.425
1019,36,5,H,F,1,39,0.175,1.425
1020,36,5,H,F,1,40,0.53,1.425
1021,36,5,H,F,1,41,0.885,1.425
1022,36,5,H,F,1,42,0.885,1.07
1023,36,5,H,F,1,43,0.885,0.715
1024,36,5,H,F,1,44,0.885,0.36
1025,36,5,H,F,1,45,0.885,0.005
1026,36,5,H,F,1,46,0.885,-0.35
1027,36,5,H,F,1,47,0.885,-0.705
1028,36,5,H,F,1,48,0.885,-1.06
1029,36,5,H,F,1,49,0.885,-1.415
1030,36,5,H,F,1,50,0.53,-1.415
1031,36,5,H,F,1,51,0.175,-1.415
1032,36,5,H,F,1,52,-0.18,-1.415
1033,36,5,H,F,1,53,-0.535,-1.415
1034,36,5,H,F,1,54,0,-0.6
1035,36,5,H,F,1,55,0,0.6
1036,37,5,H,B,1,56,-0.89,-1.415
1037,37,5,H,B,1,57,-0.89,-1.06
1038,37,5,H,B,1,58,-0.89,-0.705
1039,37,5,H,B,1,59,-0.89,-0.35
1040,37,5,H,B,1,60,-0.89,0.005
1041,37,5,H,B,1,61,-0.89,0.36
1042,37,5,H,B,1,62,-0.89,0.715
1043,37,5,H,B,1,63,-0.89,1.07
1044,37,5,H,B,1,64,-0.89,1.425
1045,37,5,H,B,1,65,-0.535,1.425
1046,37,5,H,B,1,66,-0.18,1.425
1047,37,5,H,B,1,67,0.175,1.425
1048,37,5,H,B,1,68,0.53,1.425
1049,37,5,H,B,1,69,0.885,1.425
1050,37,5,H,B,1,70,0.885,1.07
1051,37,5,H,B,1,71,0.885,0.715
1052,37,5,H,B,1,72,0.885,0.36
1053,37,5,H,B,1,73,0.885,0.005
1054,37,5,H,B,1,74,0.885,-0.35
1055,37,5,H,B,1,75,0.885,-0.705
1056,37,5,H,B,1,76,0.885,-1.06
1057,37,5,H,B,1,77,0.885,-1.415
1058,37,5,H,B,1,78,0.53,-1.415
1059,37,5,H,B,1,79,0.175,-1.415
1060,37,5,H,B,1,80,-0.18,-1.415
1061,37,5,H,B,1,81,-0.535,-1.415
1062,37,5,H,B,1,82,0,-0.6
1063,37,5,H,B,1,83,0,0.6
1064,38,5,S,F,1,84,-0.89,-1.415
1065,38,5,S,F,1,85,-0.89,-1.06
1066,38,5,S,F,1,86,-0.89,-0.705
1067,38,5,S,F,1,87,-0.89,-0.35
1068,38,5,S,F,1,88,-0.89,0.005
1069,38,5,S,F,1,89,-0.89,0.36
1070,38,5,S,F,1,90,-0.89,0.715
1071,38,5,S,F,1,91,-0.89,1.07
1072,38,5,S,F,1,92,-0.89,1.425
1073,38,5,S,F,1,93,-0.535,1.425
1074,38,5,S,F,1,94,-0.18,1.425
1075,38,5,S,F,1,95,0.175,1.425
1076,38,5,S,F,1,96,0.53,1.425
1077,38,5,S,F,1,97,0.885,1.425
1078,38,5,S,F,1,98,0.885,1.07
1079,38,5,S,F,1,99,0.885,0.715
1080,38,5,S,F,1,100,0.885,0.36
1081,38,5,S,F,1,101,0.885,0.005
1082,38,5,S,F,1,102,0.885,-0.35
1083,38,5,S,F,1,103,0.885,-0.705
1084,38,5,S,F,1,104,0.885,-1.06
1085,38,5,S,F,1,105,0.885,-1.415
1086,38,5,S,F,1,106,0.53,-1.415
1087,38,5,S,F,1,107,0.175,-1.415
1088,38,5,S,F,1,108,-0.18,-1.415
1089,38,5,S,F,1,109,-0.535,-1.415
1090,38,5,S,F,1,110,0,-0.6
1091,38,5,S,F,1,111,0,0.6
1092,39,5,S,B,1,112,-0.89,-1.415
1093,39,5,S,B,1,113,-0.89,-1.06
1094,39,5,S,B,1,114,-0.89,-0.705
1095,39,5,S,B,1,115,-0.89,-0.35
1096,39,5,S,B,1,116,-0.89,0.005
1097,39,5,S,B,1,117,-0.89,0.36
1098,39,5,S,B,1,118,-0.89,0.715
1099,39,5,S,B,1,119,-0.89,1.07
1100,39,5,S,B,1,120,-0.89,1.425
1101,39,5,S,B,1,121,-0.535,1.425
1102,39,5,S,B,1,122,-0.18,1.425
1103,39,5,S,B,1,123,0.175,1.425
1104,39,5,S,B,1,124,0.53,1.425
1105,39,5,S,B,1,125,0.885,1.425
1106,39,5,S,B,1,126,0.885,1.07
1107,39,5,S,B,1,127,0.885,0.715
1108,39,5,S,B,1,128,0.885,0.36
1109,39,5,S,B,1,129,0.885,0.005
1110,39,5,S,B,1,130,0.885,-0.35
1111,39,5,S,B,1,131,0.885,-0.705
1112,39,5,S,B,1,132,0.885,-1.06
1113,39,5,S,B,1,133,0.885,-1.415
1114,39,5,S,B,1,134,0.53,-1.415
1115,39,5,S,B,1,135,0.175,-1.415
1116,39,5,S,B,1,136,-0.18,-1.415
1117,39,5,S,B,1,137,-0.535,-1.415
1118,39,5,S,B,1,138,0,-0.6
1119,39,5,S,B,1,139,0,0.6
1120,40,6,C,F,1,140,-0.89,-1.415
1121,40,6,C,F,1,141,-0.89,-1.06
1122,40,6,C,F,1,142,-0.89,-0.705
1123,40,6,C,F,1,143,-0.89,-0.35
1124,40,6,C,F,1,144,-0.89,0.005
1125,40,6,C,F,1,145,-0.89,0.36
1126,40,6,C,F,1,146,-0.89,0.715
1127,40,6,C,F,1,147,-0.89,1.07
1128,40,6,C,F,1,148,-0.89,1.425
1129,40,6,C,F,1,149,-0.535,1.425
1130,40,6,C,F,1,150,-0.18,1.425
1131,40,6,C,F,1,151,0.175,1.425
1132,40,6,C,F,1,152,0.53,1.425
1133,40,6,C,F,1,153,0.885,1.425
1134,40,6,C,F,1,154,0.885,1.07
1135,40,6,C,F,1,155,0.885,0.715
1136,40,6,C,F,1,156,0.885,0.36
1137,40,6,C,F,1,157,0.885,0.005
1138,40,6,C,F,1,158,0.885,-0.35
1139,40,6,C,F,1,159,0.885,-0.705
1140,40,6,C,F,1,160,0.885,-1.06
1141,40,6,C,F,1,161,0.885,-1.415
1142,40,6,C,F,1,162,0.53,-1.415
1143,40,6,C,F,1,163,0.175,-1.415
1144,40,6,C,F,1,164,-0.18,-1.415
1145,40,6,C,F,1,165,-0.535,-1.415
1146,40,6,C,F,1,166,0,-0.6
1147,40,6,C,F,1,167,0,0.6
1148,41,6,C,B,1,168,-0.89,-1.415
1149,41,6,C,B,1,169,-0.89,-1.06
1150,41,6,C,B,1,170,-0.89,-0.705
1151,41,6,C,B,1,171,-0.89,-0.35
1152,41,6,C,B,1,172,-0.89,0.005
1153,41,6,C,B,1,173,-0.89,0.36
1154,41,6,C,B,1,174,-0.89,0.715
1155,41,6,C,B,1,175,-0.89,1.07
1156,41,6,C,B,1,176,-0.89,1.425
1157,41,6,C,B,1,177,-0.535,1.425
1158,41,6,C,B,1,178,-0.18,1.425
1159,41,6,C,B,1,179,0.175,1.425
1160,41,6,C,B,1,180,0.53,1.425
1161,41,6,C,B,1,181,0.885,1.425
1162,41,6,C,B,1,182,0.885,1.07
1163,41,6,C,B,1,183,0.885,0.715
1164,41,6,C,B,1,184,0.885,0.36
1165,41,6,C,B,1,185,0.885,0.005
1166,41,6,C,B,1,186,0.885,-0.35
1167,41,6,C,B,1,187,0.885,-0.705
1168,41,6,C,B,1,188,0.885,-1.06
1169,41,6,C,B,1,189,0.885,-1.415
1170,41,6,C,B,1,190,0.53,-1.415
1171,41,6,C,B,1,191,0.175,-1.415
1172,41,6,C,B,1,192,-0.18,-1.415
1173,41,6,C,B,1,193,-0.535,-1.415
1174,41,6,C,B,1,194,0,-0.6
1175,41,6,C,B,1,195,0,0.6
1176,42,6,D,F,1,196,-0.89,-1.415
1177,42,6,D,F,1,197,-0.89,-1.06
1178,42,6,D,F,1,198,-0.89,-0.705
1179,42,6,D,F,1,199,-0.89,-0.35
1180,42,6,D,F,1,200,-0.89,0.005
1181,42,6,D,F,1,201,-0.89,0.36
1182,42,6,D,F,1,202,-0.89,0.715
1183,42,6,D,F,1,203,-0.89,1.07
1184,42,6,D,F,1,204,-0.89,1.425
1185,42,6,D,F,1,205,-0.535,1.425
1186,42,6,D,F,1,206,-0.18,1.425
1187,42,6,D,F,1,207,0.175,1.425
1188,42,6,D,F,1,208,0.53,1.425
1189,42,6,D,F,1,209,0.885,1.425
1190,42,6,D,F,1,210,0.885,1.07
1191,42,6,D,F,1,211,0.885,0.715
1192,42,6,D,F,1,212,0.885,0.36
1193,42,6,D,F,1,213,0.885,0.005
1194,42,6,D,F,1,214,0.885,-0.35
1195,42,6,D,F,1,215,0.885,-0.705
1196,42,6,D,F,1,216,0.885,-1.06
1197,42,6,D,F,1,217,0.885,-1.415
1198,42,6,D,F,1,218,0.53,-1.415
1199,42,6,D,F,1,219,0.175,-1.415
1200,42,6,D,F,1,220,-0.18,-1.415
1201,42,6,D,F,1,221,-0.535,-1.415
1202,42,6,D,F,1,222,0,-0.6
1203,42,6,D,F,1,223,0,0.6
1204,43,6,D,B,1,224,-0.89,-1.415
1205,43,6,D,B,1,225,-0.89,-1.06
1206,43,6,D,B,1,226,-0.89,-0.705
1207,43,6,D,B,1,227,-0.89,-0.35
1208,43,6,D,B,1,228,-0.89,0.005
1209,43,6,D,B,1,229,-0.89,0.36
1210,43,6,D,B,1,230,-0.89,0.715
1211,43,6,D,B,1,231,-0.89,1.07
1212,43,6,D,B,1,232,-0.89,1.425
1213,43,6,D,B,1,233,-0.535,1.425
1214,43,6,D,B,1,234,-0.18,1.425
1215,43,6,D,B,1,235,0.175,1.425
1216,43,6,D,B,1,236,0.53,1.425
1217,43,6,D,B,1,237,0.885,1.425
1218,43,6,D,B,1,238,0.885,1.07
1219,43,6,D,B,1,239,0.885,0.715
1220,43,6,D,B,1,240,0.885,0.36
1221,43,6,D,B,1,241,0.885,0.005
1222,43,6,D,B,1,242,0.885,-0.35
1223,43,6,D,B,1,243,0.885,-0.705
1224,43,6,D,B,1,244,0.885,-1.06
1225,43,6,D,B,1,245,0.885,-1.415
1226,43,6,D,B,1,246,0.53,-1.415
1227,43,6,D,B,1,247,0.175,-1.415
1228,43,6,D,B,1,248,-0.18,-1.415
1229,43,6,D,B,1,249,-0.535,-1.415
1230,43,6,D,B,1,250,0,-0.6
1231,43,6,D,B,1,251,0,0.6
1232,44,6,H,F,1,252,-0.89,-1.415
1233,44,6,H,F,1,253,-0.89,-1.06
1234,44,6,H,F,1,254,-0.89,-0.705
1235,44,6,H,F,1,255,-0.89,-0.35
1236,44,6,H,F,1,256,-0.89,0.005
1237,44,6,H,F,1,257,-0.89,0.36
1238,44,6,H,F,1,258,-0.89,0.715
1239,44,6,H,F,1,259,-0.89,1.07
1240,44,6,H,F,1,260,-0.89,1.425
1241,44,6,H,F,1,261,-0.535,1.425
1242,44,6,H,F,1,262,-0.18,1.425
1243,44,6,H,F,1,263,0.175,1.425
1244,44,6,H,F,1,264,0.53,1.425
1245,44,6,H,F,1,265,0.885,1.425
1246,44,6,H,F,1,266,0.885,1.07
1247,44,6,H,F,1,267,0.885,0.715
1248,44,6,H,F,1,268,0.885,0.36
1249,44,6,H,F,1,269,0.885,0.005
1250,44,6,H,F,1,270,0.885,-0.35
1251,44,6,H,F,1,271,0.885,-0.705
1252,44,6,H,F,1,272,0.885,-1.06
1253,44,6,H,F,1,273,0.885,-1.415
1254,44,6,H,F,1,274,0.53,-1.415
1255,44,6,H,F,1,275,0.175,-1.415
1256,44,6,H,F,1,276,-0.18,-1.415
1257,44,6,H,F,1,277,-0.535,-1.415
1258,44,6,H,F,1,278,0,-0.6
1259,44,6,H,F,1,279,0,0.6
1260,45,6,H,B,1,280,-0.89,-1.415
1261,45,6,H,B,1,281,-0.89,-1.06
1262,45,6,H,B,1,282,-0.89,-0.705
1263,45,6,H,B,1,283,-0.89,-0.35
1264,45,6,H,B,1,284,-0.89,0.005
1265,45,6,H,B,1,285,-0.89,0.36
1266,45,6,H,B,1,286,-0.89,0.715
1267,45,6,H,B,1,287,-0.89,1.07
1268,45,6,H,B,1,288,-0.89,1.425
1269,45,6,H,B,1,289,-0.535,1.425
1270,45,6,H,B,1,290,-0.18,1.425
1271,45,6,H,B,1,291,0.175,1.425
1272,45,6,H,B,1,292,0.53,1.425
1273,45,6,H,B,1,293,0.885,1.425
1274,45,6,H,B,1,294,0.885,1.07
1275,45,6,H,B,1,295,0.885,0.715
1276,45,6,H,B,1,296,0.885,0.36
1277,45,6,H,B,1,297,0.885,0.005
1278,45,6,H,B,1,298,0.885,-0.35
1279,45,6,H,B,1,299,0.885,-0.705
1280,45,6,H,B,1,300,0.885,-1.06
1281,45,6,H,B,1,301,0.885,-1.415
1282,45,6,H,B,1,302,0.53,-1.415
1283,45,6,H,B,1,303,0.175,-1.415
1284,45,6,H,B,1,304,-0.18,-1.415
1285,45,6,H,B,1,305,-0.535,-1.415
1286,45,6,H,B,1,306,0,-0.6
1287,45,6,H,B,1,307,0,0.6
1288,46,6,S,F,1,308,-0.89,-1.415
1289,46,6,S,F,1,309,-0.89,-1.06
1290,46,6,S,F,1,310,-0.89,-0.705
1291,46,6,S,F,1,311,-0.89,-0.35
1292,46,6,S,F,1,312,-0.89,0.005
1293,46,6,S,F,1,313,-0.89,0.36
1294,46,6,S,F,1,314,-0.89,0.715
1295,46,6,S,F,1,315,-0.89,1.07
1296,46,6,S,F,1,316,-0.89,1.425
1297,46,6,S,F,1,317,-0.535,1.425
1298,46,6,S,F,1,318,-0.18,1.425
1299,46,6,S,F,1,319,0.175,1.425
1300,46,6,S,F,1,320,0.53,1.425
1301,46,6,S,F,1,321,0.885,1.425
1302,46,6,S,F,1,322,0.885,1.07
1303,46,6,S,F,1,323,0.885,0.715
1304,46,6,S,F,1,324,0.885,0.36
1305,46,6,S,F,1,325,0.885,0.005
1306,46,6,S,F,1,326,0.885,-0.35
1307,46,6,S,F,1,327,0.885,-0.705
1308,46,6,S,F,1,328,0.885,-1.06
1309,46,6,S,F,1,329,0.885,-1.415
1310,46,6,S,F,1,330,0.53,-1.415
1311,46,6,S,F,1,331,0.175,-1.415
1312,46,6,S,F,1,332,-0.18,-1.415
1313,46,6,S,F,1,333,-0.535,-1.415
1314,46,6,S,F,1,334,0,-0.6
1315,46,6,S,F,1,335,0,0.6
1316,47,6,S,B,1,336,-0.89,-1.415
1317,47,6,S,B,1,337,-0.89,-1.06
1318,47,6,S,B,1,338,-0.89,-0.705
1319,47,6,S,B,1,339,-0.89,-0.35
1320,47,6,S,B,1,340,-0.89,0.005
1321,47,6,S,B,1,341,-0.89,0.36
1322,47,6,S,B,1,342,-0.89,0.715
1323,47,6,S,B,1,343,-0.89,1.07
1324,47,6,S,B,1,344,-0.89,1.425
1325,47,6,S,B,1,345,-0.535,1.425
1326,47,6,S,B,1,346,-0.18,1.425
1327,47,6,S,B,1,347,0.175,1.425
1328,47,6,S,B,1,348,0.53,1.425
1329,47,6,S,B,1,349,0.885,1.425
1330,47,6,S,B,1,350,0.885,1.07
1331,47,6,S,B,1,351,0.885,0.715
1332,47,6,S,B,1,352,0.885,0.36
1333,47,6,S,B,1,353,0.885,0.005
1334,47,6,S,B,1,354,0.885,-0.35
1335,47,6,S,B,1,355,0.885,-0.705
1336,47,6,S,B,1,356,0.885,-1.06
1337,47,6,S,B,1,357,0.885,-1.415
1338,47,6,S,B,1,358,0.53,-1.415
1339,47,6,S,B,1,359,0.175,-1.415
1340,47,6,S,B,1,360,-0.18,-1.415
1341,47,6,S,B,1,361,-0.535,-1.415
1342,47,6,S,B,1,362,0,-0.6
1343,47,6,S,B,1,363,0,0.6
1344,48,7,C,F,1,364,-0.89,-1.415
1345,48,7,C,F,1,365,-0.89,-1.06
1346,48,7,C,F,1,366,-0.89,-0.705
1347,48,7,C,F,1,367,-0.89,-0.35
1348,48,7,C,F,1,368,-0.89,0.005
1349,48,7,C,F,1,369,-0.89,0.36
1350,48,7,C,F,1,370,-0.89,0.715
1351,48,7,C,F,1,371,-0.89,1.07
1352,48,7,C,F,1,372,-0.89,1.425
1353,48,7,C,F,1,373,-0.535,1.425
1354,48,7,C,F,1,374,-0.18,1.425
1355,48,7,C,F,1,375,0.175,1.425
1356,48,7,C,F,1,376,0.53,1.425
1357,48,7,C,F,1,377,0.885,1.425
1358,48,7,C,F,1,378,0.885,1.07
1359,48,7,C,F,1,379,0.885,0.715
1360,48,7,C,F,1,380,0.885,0.36
1361,48,7,C,F,1,381,0.885,0.005
1362,48,7,C,F,1,382,0.885,-0.35
1363,48,7,C,F,1,383,0.885,-0.705
1364,48,7,C,F,1,384,0.885,-1.06
1365,48,7,C,F,1,385,0.885,-1.415
1366,48,7,C,F,1,386,0.53,-1.415
1367,48,7,C,F,1,387,0.175,-1.415
1368,48,7,C,F,1,388,-0.18,-1.415
1369,48,7,C,F,1,389,-0.535,-1.415
1370,48,7,C,F,1,390,0,-0.6
1371,48,7,C,F,1,391,0,0.6
1372,49,7,C,B,1,392,-0.89,-1.415
1373,49,7,C,B,1,393,-0.89,-1.06
1374,49,7,C,B,1,394,-0.89,-0.705
1375,49,7,C,B,1,395,-0.89,-0.35
1376,49,7,C,B,1,396,-0.89,0.005
1377,49,7,C,B,1,397,-0.89,0.36
1378,49,7,C,B,1,398,-0.89,0.715
1379,49,7,C,B,1,399,-0.89,1.07
1380,49,7,C,B,1,400,-0.89,1.425
1381,49,7,C,B,1,401,-0.535,1.425
1382,49,7,C,B,1,402,-0.18,1.425
1383,49,7,C,B,1,403,0.175,1.425
1384,49,7,C,B,1,404,0.53,1.425
1385,49,7,C,B,1,405,0.885,1.425
1386,49,7,C,B,1,406,0.885,1.07
1387,49,7,C,B,1,407,0.885,0.715
1388,49,7,C,B,1,408,0.885,0.36
1389,49,7,C,B,1,409,0.885,0.005
1390,49,7,C,B,1,410,0.885,-0.35
1391,49,7,C,B,1,411,0.885,-0.705
1392,49,7,C,B,1,412,0.885,-1.06
1393,49,7,C,B,1,413,0.885,-1.415
1394,49,7,C,B,1,414,0.53,-1.415
1395,49,7,C,B,1,415,0.175,-1.415
1396,49,7,C,B,1,416,-0.18,-1.415
1397,49,7,C,B,1,417,-0.535,-1.415
1398,49,7,C,B,1,418,0,-0.6
1399,49,7,C,B,1,419,0,0.6
1400,50,7,D,F,1,420,-0.89,-1.415
1401,50,7,D,F,1,421,-0.89,-1.06
1402,50,7,D,F,1,422,-0.89,-0.705
1403,50,7,D,F,1,423,-0.89,-0.35
1404,50,7,D,F,1,424,-0.89,0.005
1405,50,7,D,F,1,425,-0.89,0.36
1406,50,7,D,F,1,426,-0.89,0.715
1407,50,7,D,F,1,427,-0.89,1.07
1408,50,7,D,F,1,428,-0.89,1.425
1409,50,7,D,F,1,429,-0.535,1.425
1410,50,7,D,F,1,430,-0.18,1.425
1411,50,7,D,F,1,431,0.175,1.425
1412,50,7,D,F,1,432,0.53,1.425
1413,50,7,D,F,1,433,0.885,1.425
1414,50,7,D,F,1,434,0.885,1.07
1415,50,7,D,F,1,435,0.885,0.715
1416,50,7,D,F,1,436,0.885,0.36
1417,50,7,D,F,1,437,0.885,0.005
1418,50,7,D,F,1,438,0.885,-0.35
1419,50,7,D,F,1,439,0.885,-0.705
1420,50,7,D,F,1,440,0.885,-1.06
1421,50,7,D,F,1,441,0.885,-1.415
1422,50,7,D,F,1,442,0.53,-1.415
1423,50,7,D,F,1,443,0.175,-1.415
1424,50,7,D,F,1,444,-0.18,-1.415
1425,50,7,D,F,1,445,-0.535,-1.415
1426,50,7,D,F,1,446,0,-0.6
1427,50,7,D,F,1,447,0,0.6
1428,51,7,D,B,1,448,-0.89,-1.415
1429,51,7,D,B,1,449,-0.89,-1.06
1430,51,7,D,B,1,450,-0.89,-0.705
1431,51,7,D,B,1,451,-0.89,-0.35
1432,51,7,D,B,1,452,-0.89,0.005
1433,51,7,D,B,1,453,-0.89,0.36
1434,51,7,D,B,1,454,-0.89,0.715
1435,51,7,D,B,1,455,-0.89,1.07
1436,51,7,D,B,1,456,-0.89,1.425
1437,51,7,D,B,1,457,-0.535,1.425
1438,51,7,D,B,1,458,-0.18,1.425
1439,51,7,D,B,1,459,0.175,1.425
1440,51,7,D,B,1,460,0.53,1.425
1441,51,7,D,B,1,461,0.885,1.425
1442,51,7,D,B,1,462,0.885,1.07
1443,51,7,D,B,1,463,0.885,0.715
1444,51,7,D,B,1,464,0.885,0.36
1445,51,7,D,B,1,465,0.885,0.005
1446,51,7,D,B,1,466,0.885,-0.35
1447,51,7,D,B,1,467,0.885,-0.705
1448,51,7,D,B,1,468,0.885,-1.06
1449,51,7,D,B,1,469,0.885,-1.415
1450,51,7,D,B,1,470,0.53,-1.415
1451,51,7,D,B,1,471,0.175,-1.415
1452,51,7,D,B,1,472,-0.18,-1.415
1453,51,7,D,B,1,473,-0.535,-1.415
1454,51,7,D,B,1,474,0,-0.6
1455,51,7,D,B,1,475,0,0.6
1456,52,7,H,F,1,476,-0.89,-1.415
1457,52,7,H,F,1,477,-0.89,-1.06
1458,52,7,H,F,1,478,-0.89,-0.705
1459,52,7,H,F,1,479,-0.89,-0.35
1460,52,7,H,F,1,480,-0.89,0.005
1461,52,7,H,F,1,481,-0.89,0.36
1462,52,7,H,F,1,482,-0.89,0.715
1463,52,7,H,F,1,483,-0.89,1.07
1464,52,7,H,F,1,484,-0.89,1.425
1465,52,7,H,F,1,485,-0.535,1.425
1466,52,7,H,F,1,486,-0.18,1.425
1467,52,7,H,F,1,487,0.175,1.425
1468,52,7,H,F,1,488,0.53,1.425
1469,52,7,H,F,1,489,0.885,1.425
1470,52,7,H,F,1,490,0.885,1.07
1471,52,7,H,F,1,491,0.885,0.715
1472,52,7,H,F,1,492,0.885,0.36
1473,52,7,H,F,1,493,0.885,0.005
1474,52,7,H,F,1,494,0.885,-0.35
1475,52,7,H,F,1,495,0.885,-0.705
1476,52,7,H,F,1,496,0.885,-1.06
1477,52,7,H,F,1,497,0.885,-1.415
1478,52,7,H,F,1,498,0.53,-1.415
1479,52,7,H,F,1,499,0.175,-1.415
1480,52,7,H,F,1,500,-0.18,-1.415
1481,52,7,H,F,1,501,-0.535,-1.415
1482,52,7,H,F,1,502,0,-0.6
1483,52,7,H,F,1,503,0,0.6
1484,53,7,H,B,1,504,-0.89,-1.415
1485,53,7,H,B,1,505,-0.89,-1.06
1486,53,7,H,B,1,506,-0.89,-0.705
1487,53,7,H,B,1,507,-0.89,-0.35
1488,53,7,H,B,1,508,-0.89,0.005
1489,53,7,H,B,1,509,-0.89,0.36
1490,53,7,H,B,1,510,-0.89,0.715
1491,53,7,H,B,1,511,-0.89,1.07
1492,53,7,H,B,1,512,-0.89,1.425
1493,53,7,H,B,1,513,-0.535,1.425
1494,53,7,H,B,1,514,-0.18,1.425
1495,53,7,H,B,1,515,0.175,1.425
1496,53,7,H,B,1,516,0.53,1.425
1497,53,7,H,B,1,517,0.885,1.425
1498,53,7,H,B,1,518,0.885,1.07
1499,53,7,H,B,1,519,0.885,0.715
1500,53,7,H,B,1,520,0.885,0.36
1501,53,7,H,B,1,521,0.885,0.005
1502,53,7,H,B,1,522,0.885,-0.35
1503,53,7,H,B,1,523,0.885,-0.705
1504,53,7,H,B,1,524,0.885,-1.06
1505,53,7,H,B,1,525,0.885,-1.415
1506,53,7,H,B,1,526,0.53,-1.415
1507,53,7,H,B,1,527,0.175,-1.415
1508,53,7,H,B,1,528,-0.18,-1.415
1509,53,7,H,B,1,529,-0.535,-1.415
1510,53,7,H,B,1,530,0,-0.6
1511,53,7,H,B,1,531,0,0.6
1512,54,7,S,F,1,532,-0.89,-1.415
1513,54,7,S,F,1,533,-0.89,-1.06
1514,54,7,S,F,1,534,-0.89,-0.705
1515,54,7,S,F,1,535,-0.89,-0.35
1516,54,7,S,F,1,536,-0.89,0.005
1517,54,7,S,F,1,537,-0.89,0.36
1518,54,7,S,F,1,538,-0.89,0.715
1519,54,7,S,F,1,539,-0.89,1.07
1520,54,7,S,F,1,540,-0.89,1.425
1521,54,7,S,F,1,541,-0.535,1.425
1522,54,7,S,F,1,542,-0.18,1.425
1523,54,7,S,F,1,543,0.175,1.425
1524,54,7,S,F,1,544,0.53,1.425
1525,54,7,S,F,1,545,0.885,1.425
1526,54,7,S,F,1,546,0.885,1.07
1527,54,7,S,F,1,547,0.885,0.715
1528,54,7,S,F,1,548,0.885,0.36
1529,54,7,S,F,1,549,0.885,0.005
1530,54,7,S,F,1,550,0.885,-0.35
1531,54,7,S,F,1,551,0.885,-0.705
1532,54,7,S,F,1,552,0.885,-1.06
1533,54,7,S,F,1,553,0.885,-1.415
1534,54,7,S,F,1,554,0.53,-1.415
1535,54,7,S,F,1,555,0.175,-1.415
1536,54,7,S,F,1,556,-0.18,-1.415
1537,54,7,S,F,1,557,-0.535,-1.415
1538,54,7,S,F,1,558,0,-0.6
1539,54,7,S,F,1,559,0,0.6
1540,55,7,S,B,1,560,-0.89,-1.415
1541,55,7,S,B,1,561,-0.89,-1.06
1542,55,7,S,B,1,562,-0.89,-0.705
1543,55,7,S,B,1,563,-0.89,-0.35
1544,55,7,S,B,1,564,-0.89,0.005
1545,55,7,S,B,1,565,-0.89,0.36
1546,55,7,S,B,1,566,-0.89,0.715
1547,55,7,S,B,1,567,-0.89,1.07
1548,55,7,S,B,1,568,-0.89,1.425
1549,55,7,S,B,1,569,-0.535,1.425
1550,55,7,S,B,1,570,-0.18,1.425
1551,55,7,S,B,1,571,0.175,1.425
1552,55,7,S,B,1,572,0.53,1.425
1553,55,7,S,B,1,573,0.885,1.425
1554,55,7,S,B,1,574,0.885,1.07
1555,55,7,S,B,1,575,0.885,0.715
1556,55,7,S,B,1,576,0.885,0.36
1557,55,7,S,B,1,577,0.885,0.005
1558,55,7,S,B,1,578,0.885,-0.35
1559,55,7,S,B,1,579,0.885,-0.705
1560,55,7,S,B,1,580,0.885,-1.06
1561,55,7,S,B,1,581,0.885,-1.415
1562,55,7,S,B,1,582,0.53,-1.415
1563,55,7,S,B,1,583,0.175,-1.415
1564,55,7,S,B,1,584,-0.18,-1.415
1565,55,7,S,B,1,585,-0.535,-1.415
1566,55,7,S,B,1,586,0,-0.6
1567,55,7,S,B,1,587,0,0.6
1568,56,8,C,F,1,588,-0.89,-1.415
1569,56,8,C,F,1,589,-0.89,-1.06
1570,56,8,C,F,1,590,-0.89,-0.705
1571,56,8,C,F,1,591,-0.89,-0.35
1572,56,8,C,F,1,592,-0.89,0.005
1573,56,8,C,F,1,593,-0.89,0.36
1574,56,8,C,F,1,594,-0.89,0.715
1575,56,8,C,F,1,595,-0.89,1.07
1576,56,8,C,F,1,596,-0.89,1.425
1577,56,8,C,F,1,597,-0.535,1.425
1578,56,8,C,F,1,598,-0.18,1.425
1579,56,8,C,F,1,599,0.175,1.425
1580,56,8,C,F,1,600,0.53,1.425
1581,56,8,C,F,1,601,0.885,1.425
1582,56,8,C,F,1,602,0.885,1.07
1583,56,8,C,F,1,603,0.885,0.715
1584,56,8,C,F,1,604,0.885,0.36
1585,56,8,C,F,1,605,0.885,0.005
1586,56,8,C,F,1,606,0.885,-0.35
1587,56,8,C,F,1,607,0.885,-0.705
1588,56,8,C,F,1,608,0.885,-1.06
1589,56,8,C,F,1,609,0.885,-1.415
1590,56,8,C,F,1,610,0.53,-1.415
1591,56,8,C,F,1,611,0.175,-1.415
1592,56,8,C,F,1,612,-0.18,-1.415
1593,56,8,C,F,1,613,-0.535,-1.415
1594,56,8,C,F,1,614,0,-0.6
1595,56,8,C,F,1,615,0,0.6
1596,57,8,C,B,1,616,-0.89,-1.415
1597,57,8,C,B,1,617,-0.89,-1.06
1598,57,8,C,B,1,618,-0.89,-0.705
1599,57,8,C,B,1,619,-0.89,-0.35
1600,57,8,C,B,1,620,-0.89,0.005
1601,57,8,C,B,1,621,-0.89,0.36
1602,57,8,C,B,1,622,-0.89,0.715
1603,57,8,C,B,1,623,-0.89,1.07
1604,57,8,C,B,1,624,-0.89,1.425
1605,57,8,C,B,1,625,-0.535,1.425
1606,57,8,C,B,1,626,-0.18,1.425
1607,57,8,C,B,1,627,0.175,1.425
1608,57,8,C,B,1,628,0.53,1.425
1609,57,8,C,B,1,629,0.885,1.425
1610,57,8,C,B,1,630,0.885,1.07
1611,57,8,C,B,1,631,0.885,0.715
1612,57,8,C,B,1,632,0.885,0.36
1613,57,8,C,B,1,633,0.885,0.005
1614,57,8,C,B,1,634,0.885,-0.35
1615,57,8,C,B,1,635,0.885,-0.705
1616,57,8,C,B,1,636,0.885,-1.06
1617,57,8,C,B,1,637,0.885,-1.415
1618,57,8,C,B,1,638,0.53,-1.415
1619,57,8,C,B,1,639,0.175,-1.415
1620,57,8,C,B,1,640,-0.18,-1.415
1621,57,8,C,B,1,641,-0.535,-1.415
1622,57,8,C,B,1,642,0,-0.6
1623,57,8,C,B,1,643,0,0.6
1624,58,8,D,F,1,644,-0.89,-1.415
1625,58,8,D,F,1,645,-0.89,-1.06
1626,58,8,D,F,1,646,-0.89,-0.705
1627,58,8,D,F,1,647,-0.89,-0.35
1628,58,8,D,F,1,648,-0.89,0.005
1629,58,8,D,F,1,649,-0.89,0.36
1630,58,8,D,F,1,650,-0.89,0.715
1631,58,8,D,F,1,651,-0.89,1.07
1632,58,8,D,F,1,652,-0.89,1.425
1633,58,8,D,F,1,653,-0.535,1.425
1634,58,8,D,F,1,654,-0.18,1.425
1635,58,8,D,F,1,655,0.175,1.425
1636,58,8,D,F,1,656,0.53,1.425
1637,58,8,D,F,1,657,0.885,1.425
1638,58,8,D,F,1,658,0.885,1.07
1639,58,8,D,F,1,659,0.885,0.715
1640,58,8,D,F,1,660,0.885,0.36
1641,58,8,D,F,1,661,0.885,0.005
1642,58,8,D,F,1,662,0.885,-0.35
1643,58,8,D,F,1,663,0.885,-0.705
1644,58,8,D,F,1,664,0.885,-1.06
1645,58,8,D,F,1,665,0.885,-1.415
1646,58,8,D,F,1,666,0.53,-1.415
1647,58,8,D,F,1,667,0.175,-1.415
1648,58,8,D,F,1,668,-0.18,-1.415
1649,58,8,D,F,1,669,-0.535,-1.415
1650,58,8,D,F,1,670,0,-0.6
1651,58,8,D,F,1,671,0,0.6
1652,59,8,D,B,1,672,-0.89,-1.415
1653,59,8,D,B,1,673,-0.89,-1.06
1654,59,8,D,B,1,674,-0.89,-0.705
1655,59,8,D,B,1,675,-0.89,-0.35
1656,59,8,D,B,1,676,-0.89,0.005
1657,59,8,D,B,1,677,-0.89,0.36
1658,59,8,D,B,1,678,-0.89,0.715
1659,59,8,D,B,1,679,-0.89,1.07
1660,59,8,D,B,1,680,-0.89,1.425
1661,59,8,D,B,1,681,-0.535,1.425
1662,59,8,D,B,1,682,-0.18,1.425
1663,59,8,D,B,1,683,0.175,1.425
1664,59,8,D,B,1,684,0.53,1.425
1665,59,8,D,B,1,685,0.885,1.425
1666,59,8,D,B,1,686,0.885,1.07
1667,59,8,D,B,1,687,0.885,0.715
1668,59,8,D,B,1,688,0.885,0.36
1669,59,8,D,B,1,689,0.885,0.005
1670,59,8,D,B,1,690,0.885,-0.35
1671,59,8,D,B,1,691,0.885,-0.705
1672,59,8,D,B,1,692,0.885,-1.06
1673,59,8,D,B,1,693,0.885,-1.415
1674,59,8,D,B,1,694,0.53,-1.415
1675,59,8,D,B,1,695,0.175,-1.415
1676,59,8,D,B,1,696,-0.18,-1.415
1677,59,8,D,B,1,697,-0.535,-1.415
1678,59,8,D,B,1,698,0,-0.6
1679,59,8,D,B,1,699,0,0.6
1680,60,8,H,F,1,700,-0.89,-1.415
1681,60,8,H,F,1,701,-0.89,-1.06
1682,60,8,H,F,1,702,-0.89,-0.705
1683,60,8,H,F,1,703,-0.89,-0.35
1684,60,8,H,F,1,704,-0.89,0.005
1685,60,8,H,F,1,705,-0.89,0.36
1686,60,8,H,F,1,706,-0.89,0.715
1687,60,8,H,F,1,707,-0.89,1.07
1688,60,8,H,F,1,708,-0.89,1.425
1689,60,8,H,F,1,709,-0.535,1.425
1690,60,8,H,F,1,710,-0.18,1.425
1691,60,8,H,F,1,711,0.175,1.425
1692,60,8,H,F,1,712,0.53,1.425
1693,60,8,H,F,1,713,0.885,1.425
1694,60,8,H,F,1,714,0.885,1.07
1695,60,8,H,F,1,715,0.885,0.715
1696,60,8,H,F,1,716,0.885,0.36
1697,60,8,H,F,1,717,0.885,0.005
1698,60,8,H,F,1,718,0.885,-0.35
1699,60,8,H,F,1,719,0.885,-0.705
1700,60,8,H,F,1,720,0.885,-1.06
1701,60,8,H,F,1,721,0.885,-1.415
1702,60,8,H,F,1,722,0.53,-1.415
1703,60,8,H,F,1,723,0.175,-1.415
1704,60,8,H,F,1,724,-0.18,-1.415
1705,60,8,H,F,1,725,-0.535,-1.415
1706,60,8,H,F,1,726,0,-0.6
1707,60,8,H,F,1,727,0,0.6
1708,61,8,H,B,1,728,-0.89,-1.415
1709,61,8,H,B,1,729,-0.89,-1.06
1710,61,8,H,B,1,730,-0.89,-0.705
1711,61,8,H,B,1,731,-0.89,-0.35
1712,61,8,H,B,1,732,-0.89,0.005
1713,61,8,H,B,1,733,-0.89,0.36
1714,61,8,H,B,1,734,-0.89,0.715
1715,61,8,H,B,1,735,-0.89,1.07
1716,61,8,H,B,1,736,-0.89,1.425
1717,61,8,H,B,1,737,-0.535,1.425
1718,61,8,H,B,1,738,-0.18,1.425
1719,61,8,H,B,1,739,0.175,1.425
1720,61,8,H,B,1,740,0.53,1.425
1721,61,8,H,B,1,741,0.885,1.425
1722,61,8,H,B,1,742,0.885,1.07
1723,61,8,H,B,1,743,0.885,0.715
1724,61,8,H,B,1,744,0.885,0.36
1725,61,8,H,B,1,745,0.885,0.005
1726,61,8,H,B,1,746,0.885,-0.35
1727,61,8,H,B,1,747,0.885,-0.705
1728,61,8,H,B,1,748,0.885,-1.06
1729,61,8,H,B,1,749,0.885,-1.415
1730,61,8,H,B,1,750,0.53,-1.415
1731,61,8,H,B,1,751,0.175,-1.415
1732,61,8,H,B,1,752,-0.18,-1.415
1733,61,8,H,B,1,753,-0.535,-1.415
1734,61,8,H,B,1,754,0,-0.6
1735,61,8,H,B,1,755,0,0.6
1736,62,8,S,F,1,756,-0.89,-1.415
1737,62,8,S,F,1,757,-0.89,-1.06
1738,62,8,S,F,1,758,-0.89,-0.705
1739,62,8,S,F,1,759,-0.89,-0.35
1740,62,8,S,F,1,760,-0.89,0.005
1741,62,8,S,F,1,761,-0.89,0.36
1742,62,8,S,F,1,762,-0.89,0.715
1743,62,8,S,F,1,763,-0.89,1.07
1744,62,8,S,F,1,764,-0.89,1.425
1745,62,8,S,F,1,765,-0.535,1.425
1746,62,8,S,F,1,766,-0.18,1.425
1747,62,8,S,F,1,767,0.175,1.425
1748,62,8,S,F,1,768,0.53,1.425
1749,62,8,S,F,1,769,0.885,1.425
1750,62,8,S,F,1,770,0.885,1.07
1751,62,8,S,F,1,771,0.885,0.715
1752,62,8,S,F,1,772,0.885,0.36
1753,62,8,S,F,1,773,0.885,0.005
1754,62,8,S,F,1,774,0.885,-0.35
1755,62,8,S,F,1,775,0.885,-0.705
1756,62,8,S,F,1,776,0.885,-1.06
1757,62,8,S,F,1,777,0.885,-1.415
1758,62,8,S,F,1,778,0.53,-1.415
1759,62,8,S,F,1,779,0.175,-1.415
1760,62,8,S,F,1,780,-0.18,-1.415
1761,62,8,S,F,1,781,-0.535,-1.415
1762,62,8,S,F,1,782,0,-0.6
1763,62,8,S,F,1,783,0,0.6
1764,63,8,S,B,1,784,-0.89,-1.415
1765,63,8,S,B,1,785,-0.89,-1.06
1766,63,8,S,B,1,786,-0.89,-0.705
1767,63,8,S,B,1,787,-0.89,-0.35
1768,63,8,S,B,1,788,-0.89,0.005
1769,63,8,S,B,1,789,-0.89,0.36
1770,63,8,S,B,1,790,-0.89,0.715
1771,63,8,S,B,1,791,-0.89,1.07
1772,63,8,S,B,1,792,-0.89,1.425
1773,63,8,S,B,1,793,-0.535,1.425
1774,63,8,S,B,1,794,-0.18,1.425
1775,63,8,S,B,1,795,0.175,1.425
1776,63,8,S,B,1,796,0.53,1.425
1777,63,8,S,B,1,797,0.885,1.425
1778,63,8,S,B,1,798,0.885,1.07
1779,63,8,S,B,1,799,0.885,0.715
1780,63,8,S,B,1,800,0.885,0.36
1781,63,8,S,B,1,801,0.885,0.005
1782,63,8,S,B,1,802,0.885,-0.35
1783,63,8,S,B,1,803,0.885,-0.705
1784,63,8,S,B,1,804,0.885,-1.06
1785,63,8,S,B,1,805,0.885,-1.415
1786,63,8,S,B,1,806,0.53,-1.415
1787,63,8,S,B,1,807,0.175,-1.415
1788,63,8,S,B,1,808,-0.18,-1.415
1789,63,8,S,B,1,809,-0.535,-1.415
1790,63,8,S,B,1,810,0,-0.6
1791,63,8,S,B,1,811,0,0.6
1792,64,9,C,F,1,812,-0.89,-1.415
1793,64,9,C,F,1,813,-0.89,-1.06
1794,64,9,C,F,1,814,-0.89,-0.705
1795,64,9,C,F,1,815,-0.89,-0.35
1796,64,9,C,F,1,816,-0.89,0.005
1797,64,9,C,F,1,817,-0.89,0.36
1798,64,9,C,F,1,818,-0.89,0.715
1799,64,9,C,F,1,819,-0.89,1.07
1800,64,9,C,F,1,820,-0.89,1.425
1801,64,9,C,F,1,821,-0.535,1.425
1802,64,9,C,F,1,822,-0.18,1.425
1803,64,9,C,F,1,823,0.175,1.425
1804,64,9,C,F,1,824,0.53,1.425
1805,64,9,C,F,1,825,0.885,1.425
1806,64,9,C,F,1,826,0.885,1.07
1807,64,9,C,F,1,827,0.885,0.715
1808,64,9,C,F,1,828,0.885,0.36
1809,64,9,C,F,1,829,0.885,0.005
1810,64,9,C,F,1,830,0.885,-0.35
1811,64,9,C,F,1,831,0.885,-0.705
1812,64,9,C,F,1,832,0.885,-1.06
1813,64,9,C,F,1,833,0.885,-1.415
1814,64,9,C,F,1,834,0.53,-1.415
1815,64,9,C,F,1,835,0.175,-1.415
1816,64,9,C,F,1,836,-0.18,-1.415
1817,64,9,C,F,1,837,-0.535,-1.415
1818,64,9,C,F,1,838,0,-0.6
1819,64,9,C,F,1,839,0,0.6
1820,65,9,C,B,1,840,-0.89,-1.415
1821,65,9,C,B,1,841,-0.89,-1.06
1822,65,9,C,B,1,842,-0.89,-0.705
1823,65,9,C,B,1,843,-0.89,-0.35
1824,65,9,C,B,1,844,-0.89,0.005
1825,65,9,C,B,1,845,-0.89,0.36
1826,65,9,C,B,1,846,-0.89,0.715
1827,65,9,C,B,1,847,-0.89,1.07
1828,65,9,C,B,1,848,-0.89,1.425
1829,65,9,C,B,1,849,-0.535,1.425
1830,65,9,C,B,1,850,-0.18,1.425
1831,65,9,C,B,1,851,0.175,1.425
1832,65,9,C,B,1,852,0.53,1.425
1833,65,9,C,B,1,853,0.885,1.425
1834,65,9,C,B,1,854,0.885,1.07
1835,65,9,C,B,1,855,0.885,0.715
1836,65,9,C,B,1,856,0.885,0.36
1837,65,9,C,B,1,857,0.885,0.005
1838,65,9,C,B,1,858,0.885,-0.35
1839,65,9,C,B,1,859,0.885,-0.705
1840,65,9,C,B,1,860,0.885,-1.06
1841,65,9,C,B,1,861,0.885,-1.415
1842,65,9,C,B,1,862,0.53,-1.415
1843,65,9,C,B,1,863,0.175,-1.415
1844,65,9,C,B,1,864,-0.18,-1.415
1845,65,9,C,B,1,865,-0.535,-1.415
1846,65,9,C,B,1,866,0,-0.6
1847,65,9,C,B,1,867,0,0.6
1848,66,9,D,F,1,868,-0.89,-1.415
1849,66,9,D,F,1,869,-0.89,-1.06
1850,66,9,D,F,1,870,-0.89,-0.705
1851,66,9,D,F,1,871,-0.89,-0.35
1852,66,9,D,F,1,872,-0.89,0.005
1853,66,9,D,F,1,873,-0.89,0.36
1854,66,9,D,F,1,874,-0.89,0.715
1855,66,9,D,F,1,875,-0.89,1.07
1856,66,9,D,F,1,876,-0.89,1.425
1857,66,9,D,F,1,877,-0.535,1.425
1858,66,9,D,F,1,878,-0.18,1.425
1859,66,9,D,F,1,879,0.175,1.425
1860,66,9,D,F,1,880,0.53,1.425
1861,66,9,D,F,1,881,0.885,1.425
1862,66,9,D,F,1,882,0.885,1.07
1863,66,9,D,F,1,883,0.885,0.715
1864,66,9,D,F,1,884,0.885,0.36
1865,66,9,D,F,1,885,0.885,0.005
1866,66,9,D,F,1,886,0.885,-0.35
1867,66,9,D,F,1,887,0.885,-0.705
1868,66,9,D,F,1,888,0.885,-1.06
1869,66,9,D,F,1,889,0.885,-1.415
1870,66,9,D,F,1,890,0.53,-1.415
1871,66,9,D,F,1,891,0.175,-1.415
1872,66,9,D,F,1,892,-0.18,-1.415
1873,66,9,D,F,1,893,-0.535,-1.415
1874,66,9,D,F,1,894,0,-0.6
1875,66,9,D,F,1,895,0,0.6
1876,67,9,D,B,1,896,-0.89,-1.415
1877,67,9,D,B,1,897,-0.89,-1.06
1878,67,9,D,B,1,898,-0.89,-0.705
1879,67,9,D,B,1,899,-0.89,-0.35
1880,67,9,D,B,1,900,-0.89,0.005
1881,67,9,D,B,1,901,-0.89,0.36
1882,67,9,D,B,1,902,-0.89,0.715
1883,67,9,D,B,1,903,-0.89,1.07
1884,67,9,D,B,1,904,-0.89,1.425
1885,67,9,D,B,1,905,-0.535,1.425
1886,67,9,D,B,1,906,-0.18,1.425
1887,67,9,D,B,1,907,0.175,1.425
1888,67,9,D,B,1,908,0.53,1.425
1889,67,9,D,B,1,909,0.885,1.425
1890,67,9,D,B,1,910,0.885,1.07
1891,67,9,D,B,1,911,0.885,0.715
1892,67,9,D,B,1,912,0.885,0.36
1893,67,9,D,B,1,913,0.885,0.005
1894,67,9,D,B,1,914,0.885,-0.35
1895,67,9,D,B,1,915,0.885,-0.705
1896,67,9,D,B,1,916,0.885,-1.06
1897,67,9,D,B,1,917,0.885,-1.415
1898,67,9,D,B,1,918,0.53,-1.415
1899,67,9,D,B,1,919,0.175,-1.415
1900,67,9,D,B,1,920,-0.18,-1.415
1901,67,9,D,B,1,921,-0.535,-1.415
1902,67,9,D,B,1,922,0,-0.6
1903,67,9,D,B,1,923,0,0.6
1904,68,9,H,F,1,924,-0.89,-1.415
1905,68,9,H,F,1,925,-0.89,-1.06
1906,68,9,H,F,1,926,-0.89,-0.705
1907,68,9,H,F,1,927,-0.89,-0.35
1908,68,9,H,F,1,928,-0.89,0.005
1909,68,9,H,F,1,929,-0.89,0.36
1910,68,9,H,F,1,930,-0.89,0.715
1911,68,9,H,F,1,931,-0.89,1.07
1912,68,9,H,F,1,932,-0.89,1.425
1913,68,9,H,F,1,933,-0.535,1.425
1914,68,9,H,F,1,934,-0.18,1.425
1915,68,9,H,F,1,935,0.175,1.425
1916,68,9,H,F,1,936,0.53,1.425
1917,68,9,H,F,1,937,0.885,1.425
1918,68,9,H,F,1,938,0.885,1.07
1919,68,9,H,F,1,939,0.885,0.715
1920,68,9,H,F,1,940,0.885,0.36
1921,68,9,H,F,1,941,0.885,0.005
1922,68,9,H,F,1,942,0.885,-0.35
1923,68,9,H,F,1,943,0.885,-0.705
1924,68,9,H,F,1,944,0.885,-1.06
1925,68,9,H,F,1,945,0.885,-1.415
1926,68,9,H,F,1,946,0.53,-1.415
1927,68,9,H,F,1,947,0.175,-1.415
1928,68,9,H,F,1,948,-0.18,-1.415
1929,68,9,H,F,1,949,-0.535,-1.415
1930,68,9,H,F,1,950,0,-0.6
1931,68,9,H,F,1,951,0,0.6
1932,69,9,H,B,1,952,-0.89,-1.415
1933,69,9,H,B,1,953,-0.89,-1.06
1934,69,9,H,B,1,954,-0.89,-0.705
1935,69,9,H,B,1,955,-0.89,-0.35
1936,69,9,H,B,1,956,-0.89,0.005
1937,69,9,H,B,1,957,-0.89,0.36
1938,69,9,H,B,1,958,-0.89,0.715
1939,69,9,H,B,1,959,-0.89,1.07
1940,69,9,H,B,1,960,-0.89,1.425
1941,69,9,H,B,1,961,-0.535,1.425
1942,69,9,H,B,1,962,-0.18,1.425
1943,69,9,H,B,1,963,0.175,1.425
1944,69,9,H,B,1,964,0.53,1.425
1945,69,9,H,B,1,965,0.885,1.425
1946,69,9,H,B,1,966,0.885,1.07
1947,69,9,H,B,1,967,0.885,0.715
1948,69,9,H,B,1,968,0.885,0.36
1949,69,9,H,B,1,969,0.885,0.005
1950,69,9,H,B,1,970,0.885,-0.35
1951,69,9,H,B,1,971,0.885,-0.705
1952,69,9,H,B,1,972,0.885,-1.06
1953,69,9,H,B,1,973,0.885,-1.415
1954,69,9,H,B,1,974,0.53,-1.415
1955,69,9,H,B,1,975,0.175,-1.415
1956,69,9,H,B,1,976,-0.18,-1.415
1957,69,9,H,B,1,977,-0.535,-1.415
1958,69,9,H,B,1,978,0,-0.6
1959,69,9,H,B,1,979,0,0.6
1960,70,9,S,F,2,0,-0.89,-1.415
1961,70,9,S,F,2,1,-0.89,-1.06
1962,70,9,S,F,2,2,-0.89,-0.705
1963,70,9,S,F,2,3,-0.89,-0.35
1964,70,9,S,F,2,4,-0.89,0.005
1965,70,9,S,F,2,5,-0.89,0.36
1966,70,9,S,F,2,6,-0.89,0.715
1967,70,9,S,F,2,7,-0.89,1.07
1968,70,9,S,F,2,8,-0.89,1.425
1969,70,9,S,F,2,9,-0.535,1.425
1970,70,9,S,F,2,10,-0.18,1.425
1971,70,9,S,F,2,11,0.175,1.425
1972,70,9,S,F,2,12,0.53,1.425
1973,70,9,S,F,2,13,0.885,1.425
1974,70,9,S,F,2,14,0.885,1.07
1975,70,9,S,F,2,15,0.885,0.715
1976,70,9,S,F,2,16,0.885,0.36
1977,70,9,S,F,2,17,0.885,0.005
1978,70,9,S,F,2,18,0.885,-0.35
1979,70,9,S,F,2,19,0.885,-0.705
1980,70,9,S,F,2,20,0.885,-1.06
1981,70,9,S,F,2,21,0.885,-1.415
1982,70,9,S,F,2,22,0.53,-1.415
1983,70,9,S,F,2,23,0.175,-1.415
1984,70,9,S,F,2,24,-0.18,-1.415
1985,70,9,S,F,2,25,-0.535,-1.415
1986,70,9,S,F,2,26,0,-0.6
1987,70,9,S,F,2,27,0,0.6
1988,71,9,S,B,2,28,-0.89,-1.415
1989,71,9,S,B,2,29,-0.89,-1.06
1990,71,9,S,B,2,30,-0.89,-0.705
1991,71,9,S,B,2,31,-0.89,-0.35
1992,71,9,S,B,2,32,-0.89,0.005
1993,71,9,S,B,2,33,-0.89,0.36
1994,71,9,S,B,2,34,-0.89,0.715
1995,71,9,S,B,2,35,-0.89,1.07
1996,71,9,S,B,2,36,-0.89,1.425
1997,71,9,S,B,2,37,-0.535,1.425
1998,71,9,S,B,2,38,-0.18,1.425
1999,71,9,S,B,2,39,0.175,1.425
2000,71,9,S,B,2,40,0.53,1.425
2001,71,9,S,B,2,41,0.885,1.425
2002,71,9,S,B,2,42,0.885,1.07
2003,71,9,S,B,2,43,0.885,0.715
2004,71,9,S,B,2,44,0.885,0.36
2005,71,9,S,B,2,45,0.885,0.005
2006,71,9,S,B,2,46,0.885,-0.35
2007,71,9,S,B,2,47,0.885,-0.705
2008,71,9,S,B,2,48,0.885,-1.06
2009,71,9,S,B,2,49,0.885,-1.415
2010,71,9,S,B,2,50,0.53,-1.415
2011,71,9,S,B,2,51,0.175,-1.415
2012,71,9,S,B,2,52,-0.18,-1.415
2013,71,9,S,B,2,53,-0.535,-1.415
2014,71,9,S,B,2,54,0,-0.6
2015,71,9,S,B,2,55,0,0.6
2016,72,10,C,F,2,56,-0.89,-1.415
2017,72,10,C,F,2,57,-0.89,-1.06
2018,72,10,C,F,2,58,-0.89,-0.705
2019,72,10,C,F,2,59,-0.89,-0.35
2020,72,10,C,F,2,60,-0.89,0.005
2021,72,10,C,F,2,61,-0.89,0.36
2022,72,10,C,F,2,62,-0.89,0.715
2023,72,10,C,F,2,63,-0.89,1.07
2024,72,10,C,F,2,64,-0.89,1.425
2025,72,10,C,F,2,65,-0.535,1.425
2026,72,10,C,F,2,66,-0.18,1.425
2027,72,10,C,F,2,67,0.175,1.425
2028,72,10,C,F,2,68,0.53,1.425
2029,72,10,C,F,2,69,0.885,1.425
2030,72,10,C,F,2,70,0.885,1.07
2031,72,10,C,F,2,71,0.885,0.715
2032,72,10,C,F,2,72,0.885,0.36
2033,72,10,C,F,2,73,0.885,0.005
2034,72,10,C,F,2,74,0.885,-0.35
2035,72,10,C,F,2,75,0.885,-0.705
2036,72,10,C,F,2,76,0.885,-1.06
2037,72,10,C,F,2,77,0.885,-1.415
2038,72,10,C,F,2,78,0.53,-1.415
2039,72,10,C,F,2,79,0.175,-1.415
2040,72,10,C,F,2,80,-0.18,-1.415
2041,72,10,C,F,2,81,-0.535,-1.415
2042,72,10,C,F,2,82,0,-0.6
2043,72,10,C,F,2,83,0,0.6
2044,73,10,C,B,2,84,-0.89,-1.415
2045,73,10,C,B,2,85,-0.89,-1.06
2046,73,10,C,B,2,86,-0.89,-0.705
2047,73,10,C,B,2,87,-0.89,-0.35
2048,73,10,C,B,2,88,-0.89,0.005
2049,73,10,C,B,2,89,-0.89,0.36
2050,73,10,C,B,2,90,-0.89,0.715
2051,73,10,C,B,2,91,-0.89,1.07
2052,73,10,C,B,2,92,-0.89,1.425
2053,73,10,C,B,2,93,-0.535,1.425
2054,73,10,C,B,2,94,-0.18,1.425
2055,73,10,C,B,2,95,0.175,1.425
2056,73,10,C,B,2,96,0.53,1.425
2057,73,10,C,B,2,97,0.885,1.425
2058,73,10,C,B,2,98,0.885,1.07
2059,73,10,C,B,2,99,0.885,0.715
2060,73,10,C,B,2,100,0.885,0.36
2061,73,10,C,B,2,101,0.885,0.005
2062,73,10,C,B,2,102,0.885,-0.35
2063,73,10,C,B,2,103,0.885,-0.705
2064,73,10,C,B,2,104,0.885,-1.06
2065,73,10,C,B,2,105,0.885,-1.415
2066,73,10,C,B,2,106,0.53,-1.415
2067,73,10,C,B,2,107,0.175,-1.415
2068,73,10,C,B,2,108,-0.18,-1.415
2069,73,10,C,B,2,109,-0.535,-1.415
2070,73,10,C,B,2,110,0,-0.6
2071,73,10,C,B,2,111,0,0.6
2072,74,10,D,F,2,112,-0.89,-1.415
2073,74,10,D,F,2,113,-0.89,-1.06
2074,74,10,D,F,2,114,-0.89,-0.705
2075,74,10,D,F,2,115,-0.89,-0.35
2076,74,10,D,F,2,116,-0.89,0.005
2077,74,10,D,F,2,117,-0.89,0.36
2078,74,10,D,F,2,118,-0.89,0.715
2079,74,10,D,F,2,119,-0.89,1.07
2080,74,10,D,F,2,120,-0.89,1.425
2081,74,10,D,F,2,121,-0.535,1.425
2082,74,10,D,F,2,122,-0.18,1.425
2083,74,10,D,F,2,123,0.175,1.425
2084,74,10,D,F,2,124,0.53,1.425
2085,74,10,D,F,2,125,0.885,1.425
2086,74,10,D,F,2,126,0.885,1.07
2087,74,10,D,F,2,127,0.885,0.715
2088,74,10,D,F,2,128,0.885,0.36
2089,74,10,D,F,2,129,0.885,0.005
2090,74,10,D,F,2,130,0.885,-0.35
2091,74,10,D,F,2,131,0.885,-0.705
2092,74,10,D,F,2,132,0.885,-1.06
2093,74,10,D,F,2,133,0.885,-1.415
2094,74,10,D,F,2,134,0.53,-1.415
2095,74,10,D,F,2,135,0.175,-1.415
2096,74,10,D,F,2,136,-0.18,-1.415
2097,74,10,D,F,2,137,-0.535,-1.415
2098,74,10,D,F,2,138,0,-0.6
2099,74,10,D,F,2,139,0,0.6
2100,75,10,D,B,2,140,-0.89,-1.415
2101,75,10,D,B,2,141,-0.89,-1.06
2102,75,10,D,B,2,142,-0.89,-0.705
2103,75,10,D,B,2,143,-0.89,-0.35
2104,75,10,D,B,2,144,-0.89,0.005
2105,75,10,D,B,2,145,-0.89,0.36
2106,75,10,D,B,2,146,-0.89,0.715
2107,75,10,D,B,2,147,-0.89,1.07
2108,75,10,D,B,2,148,-0.89,1.425
2109,75,10,D,B,2,149,-0.535,1.425
2110,75,10,D,B,2,150,-0.18,1.425
2111,75,10,D,B,2,151,0.175,1.425
2112,75,10,D,B,2,152,0.53,1.425
2113,75,10,D,B,2,153,0.885,1.425
2114,75,10,D,B,2,154,0.885,1.07
2115,75,10,D,B,2,155,0.885,0.715
2116,75,10,D,B,2,156,0.885,0.36
2117,75,10,D,B,2,157,0.885,0.005
2118,75,10,D,B,2,158,0.885,-0.35
2119,75,10,D,B,2,159,0.885,-0.705
2120,75,10,D,B,2,160,0.885,-1.06
2121,75,10,D,B,2,161,0.885,-1.415
2122,75,10,D,B,2,162,0.53,-1.415
2123,75,10,D,B,2,163,0.175,-1.415
2124,75,10,D,B,2,164,-0.18,-1.415
2125,75,10,D,B,2,165,-0.535,-1.415
2126,75,10,D,B,2,166,0,-0.6
2127,75,10,D,B,2,167,0,0.6
2128,76,10,H,F,2,168,-0.89,-1.415
2129,76,10,H,F,2,169,-0.89,-1.06
2130,76,10,H,F,2,170,-0.89,-0.705
2131,76,10,H,F,2,171,-0.89,-0.35
2132,76,10,H,F,2,172,-0.89,0.005
2133,76,10,H,F,2,173,-0.89,0.36
2134,76,10,H,F,2,174,-0.89,0.715
2135,76,10,H,F,2,175,-0.89,1.07
2136,76,10,H,F,2,176,-0.89,1.425
2137,76,10,H,F,2,177,-0.535,1.425
2138,76,10,H,F,2,178,-0.18,1.425
2139,76,10,H,F,2,179,0.175,1.425
2140,76,10,H,F,2,180,0.53,1.425
2141,76,10,H,F,2,181,0.885,1.425
2142,76,10,H,F,2,182,0.885,1.07
2143,76,10,H,F,2,183,0.885,0.715
2144,76,10,H,F,2,184,0.885,0.36
2145,76,10,H,F,2,185,0.885,0.005
2146,76,10,H,F,2,186,0.885,-0.35
2147,76,10,H,F,2,187,0.885,-0.705
2148,76,10,H,F,2,188,0.885,-1.06
2149,76,10,H,F,2,189,0.885,-1.415
2150,76,10,H,F,2,190,0.53,-1.415
2151,76,10,H,F,2,191,0.175,-1.415
2152,76,10,H,F,2,192,-0.18,-1.415
2153,76,10,H,F,2,193,-0.535,-1.415
2154,76,10,H,F,2,194,0,-0.6
2155,76,10,H,F,2,195,0,0.6
2156,77,10,H,B,2,196,-0.89,-1.415
2157,77,10,H,B,2,197,-0.89,-1.06
2158,77,10,H,B,2,198,-0.89,-0.705
2159,77,10,H,B,2,199,-0.89,-0.35
2160,77,10,H,B,2,200,-0.89,0.005
2161,77,10,H,B,2,201,-0.89,0.36
2162,77,10,H,B,2,202,-0.89,0.715
2163,77,10,H,B,2,203,-0.89,1.07
2164,77,10,H,B,2,204,-0.89,1.425
2165,77,10,H,B,2,205,-0.535,1.425
2166,77,10,H,B,2,206,-0.18,1.425
2167,77,10,H,B,2,207,0.175,1.425
2168,77,10,H,B,2,208,0.53,1.425
2169,77,10,H,B,2,209,0.885,1.425
2170,77,10,H,B,2,210,0.885,1.07
2171,77,10,H,B,2,211,0.885,0.715
2172,77,10,H,B,2,212,0.885,0.36
2173,77,10,H,B,2,213,0.885,0.005
2174,77,10,H,B,2,214,0.885,-0.35
2175,77,10,H,B,2,215,0.885,-0.705
2176,77,10,H,B,2,216,0.885,-1.06
2177,77,10,H,B,2,217,0.885,-1.415
2178,77,10,H,B,2,218,0.53,-1.415
2179,77,10,H,B,2,219,0.175,-1.415
2180,77,10,H,B,2,220,-0.18,-1.415
2181,77,10,H,B,2,221,-0.535,-1.415
2182,77,10,H,B,2,222,0,-0.6
2183,77,10,H,B,2,223,0,0.6
2184,78,10,S,F,2,224,-0.89,-1.415
2185,78,10,S,F,2,225,-0.89,-1.06
2186,78,10,S,F,2,226,-0.89,-0.705
2187,78,10,S,F,2,227,-0.89,-0.35
2188,78,10,S,F,2,228,-0.89,0.005
2189,78,10,S,F,2,229,-0.89,0.36
2190,78,10,S,F,2,230,-0.89,0.715
2191,78,10,S,F,2,231,-0.89,1.07
2192,78,10,S,F,2,232,-0.89,1.425
2193,78,10,S,F,2,233,-0.535,1.425
2194,78,10,S,F,2,234,-0.18,1.425
2195,78,10,S,F,2,235,0.175,1.425
2196,78,10,S,F,2,236,0.53,1.425
2197,78,10,S,F,2,237,0.885,1.425
2198,78,10,S,F,2,238,0.885,1.07
2199,78,10,S,F,2,239,0.885,0.715
2200,78,10,S,F,2,240,0.885,0.36
2201,78,10,S,F,2,241,0.885,0.005
2202,78,10,S,F,2,242,0.885,-0.35
2203,78,10,S,F,2,243,0.885,-0.705
2204,78,10,S,F,2,244,0.885,-1.06
2205,78,10,S,F,2,245,0.885,-1.415
2206,78,10,S,F,2,246,0.53,-1.415
2207,78,10,S,F,2,247,0.175,-1.415
2208,78,10,S,F,2,248,-0.18,-1.415
2209,78,10,S,F,2,249,-0.535,-1.415
2210,78,10,S,F,2,250,0,-0.6
2211,78,10,S,F,2,251,0,0.6
2212,79,10,S,B,2,252,-0.89,-1.415
2213,79,10,S,B,2,253,-0.89,-1.06
2214,79,10,S,B,2,254,-0.89,-0.705
2215,79,10,S,B,2,255,-0.89,-0.35
2216,79,10,S,B,2,256,-0.89,0.005
2217,79,10,S,B,2,257,-0.89,0.36
2218,79,10,S,B,2,258,-0.89,0.715
2219,79,10,S,B,2,259,-0.89,1.07
2220,79,10,S,B,2,260,-0.89,1.425
2221,79,10,S,B,2,261,-0.535,1.425
2222,79,10,S,B,2,262,-0.18,1.425
2223,79,10,S,B,2,263,0.175,1.425
2224,79,10,S,B,2,264,0.53,1.425
2225,79,10,S,B,2,265,0.885,1.425
2226,79,10,S,B,2,266,0.885,1.07
2227,79,10,S,B,2,267,0.885,0.715
2228,79,10,S,B,2,268,0.885,0.36
2229,79,10,S,B,2,269,0.885,0.005
2230,79,10,S,B,2,270,0.885,-0.35
2231,79,10,S,B,2,271,0.885,-0.705
2232,79,10,S,B,2,272,0.885,-1.06
2233,79,10,S,B,2,273,0.885,-1.415
2234,79,10,S,B,2,274,0.53,-1.415
2235,79,10,S,B,2,275,0.175,-1.415
2236,79,10,S,B,2,276,-0.18,-1.415
2237,79,10,S,B,2,277,-0.535,-1.415
2238,79,10,S,B,2,278,0,-0.6
2239,79,10,S,B,2,279,0,0.6
2240,80,J,C,F,2,280,-0.89,-1.415
2241,80,J,C,F,2,281,-0.89,-1.06
2242,80,J,C,F,2,282,-0.89,-0.705
2243,80,J,C,F,2,283,-0.89,-0.35
2244,80,J,C,F,2,284,-0.89,0.005
2245,80,J,C,F,2,285,-0.89,0.36
2246,80,J,C,F,2,286,-0.89,0.715
2247,80,J,C,F,2,287,-0.89,1.07
2248,80,J,C,F,2,288,-0.89,1.425
2249,80,J,C,F,2,289,-0.535,1.425
2250,80,J,C,F,2,290,-0.18,1.425
2251,80,J,C,F,2,291,0.175,1.425
2252,80,J,C,F,2,292,0.53,1.425
2253,80,J,C,F,2,293,0.885,1.425
2254,80,J,C,F,2,294,0.885,1.07
2255,80,J,C,F,2,295,0.885,0.715
2256,80,J,C,F,2,296,0.885,0.36
2257,80,J,C,F,2,297,0.885,0.005
2258,80,J,C,F,2,298,0.885,-0.35
2259,80,J,C,F,2,299,0.885,-0.705
2260,80,J,C,F,2,300,0.885,-1.06
2261,80,J,C,F,2,301,0.885,-1.415
2262,80,J,C,F,2,302,0.53,-1.415
2263,80,J,C,F,2,303,0.175,-1.415
2264,80,J,C,F,2,304,-0.18,-1.415
2265,80,J,C,F,2,305,-0.535,-1.415
2266,80,J,C,F,2,306,0,-0.6
2267,80,J,C,F,2,307,0,0.6
2268,81,J,C,B,2,308,-0.89,-1.415
2269,81,J,C,B,2,309,-0.89,-1.06
2270,81,J,C,B,2,310,-0.89,-0.705
2271,81,J,C,B,2,311,-0.89,-0.35
2272,81,J,C,B,2,312,-0.89,0.005
2273,81,J,C,B,2,313,-0.89,0.36
2274,81,J,C,B,2,314,-0.89,0.715
2275,81,J,C,B,2,315,-0.89,1.07
2276,81,J,C,B,2,316,-0.89,1.425
2277,81,J,C,B,2,317,-0.535,1.425
2278,81,J,C,B,2,318,-0.18,1.425
2279,81,J,C,B,2,319,0.175,1.425
2280,81,J,C,B,2,320,0.53,1.425
2281,81,J,C,B,2,321,0.885,1.425
2282,81,J,C,B,2,322,0.885,1.07
2283,81,J,C,B,2,323,0.885,0.715
2284,81,J,C,B,2,324,0.885,0.36
2285,81,J,C,B,2,325,0.885,0.005
2286,81,J,C,B,2,326,0.885,-0.35
2287,81,J,C,B,2,327,0.885,-0.705
2288,81,J,C,B,2,328,0.885,-1.06
2289,81,J,C,B,2,329,0.885,-1.415
2290,81,J,C,B,2,330,0.53,-1.415
2291,81,J,C,B,2,331,0.175,-1.415
2292,81,J,C,B,2,332,-0.18,-1.415
2293,81,J,C,B,2,333,-0.535,-1.415
2294,81,J,C,B,2,334,0,-0.6
2295,81,J,C,B,2,335,0,0.6
2296,82,J,D,F,2,336,-0.89,-1.415
2297,82,J,D,F,2,337,-0.89,-1.06
2298,82,J,D,F,2,338,-0.89,-0.705
2299,82,J,D,F,2,339,-0.89,-0.35
2300,82,J,D,F,2,340,-0.89,0.005
2301,82,J,D,F,2,341,-0.89,0.36
2302,82,J,D,F,2,342,-0.89,0.715
2303,82,J,D,F,2,343,-0.89,1.07
2304,82,J,D,F,2,344,-0.89,1.425
2305,82,J,D,F,2,345,-0.535,1.425
2306,82,J,D,F,2,346,-0.18,1.425
2307,82,J,D,F,2,347,0.175,1.425
2308,82,J,D,F,2,348,0.53,1.425
2309,82,J,D,F,2,349,0.885,1.425
2310,82,J,D,F,2,350,0.885,1.07
2311,82,J,D,F,2,351,0.885,0.715
2312,82,J,D,F,2,352,0.885,0.36
2313,82,J,D,F,2,353,0.885,0.005
2314,82,J,D,F,2,354,0.885,-0.35
2315,82,J,D,F,2,355,0.885,-0.705
2316,82,J,D,F,2,356,0.885,-1.06
2317,82,J,D,F,2,357,0.885,-1.415
2318,82,J,D,F,2,358,0.53,-1.415
2319,82,J,D,F,2,359,0.175,-1.415
2320,82,J,D,F,2,360,-0.18,-1.415
2321,82,J,D,F,2,361,-0.535,-1.415
2322,82,J,D,F,2,362,0,-0.6
2323,82,J,D,F,2,363,0,0.6
2324,83,J,D,B,2,364,-0.89,-1.415
2325,83,J,D,B,2,365,-0.89,-1.06
2326,83,J,D,B,2,366,-0.89,-0.705
2327,83,J,D,B,2,367,-0.89,-0.35
2328,83,J,D,B,2,368,-0.89,0.005
2329,83,J,D,B,2,369,-0.89,0.36
2330,83,J,D,B,2,370,-0.89,0.715
2331,83,J,D,B,2,371,-0.89,1.07
2332,83,J,D,B,2,372,-0.89,1.425
2333,83,J,D,B,2,373,-0.535,1.425
2334,83,J,D,B,2,374,-0.18,1.425
2335,83,J,D,B,2,375,0.175,1.425
2336,83,J,D,B,2,376,0.53,1.425
2337,83,J,D,B,2,377,0.885,1.425
2338,83,J,D,B,2,378,0.885,1.07
2339,83,J,D,B,2,379,0.885,0.715
2340,83,J,D,B,2,380,0.885,0.36
2341,83,J,D,B,2,381,0.885,0.005
2342,83,J,D,B,2,382,0.885,-0.35
2343,83,J,D,B,2,383,0.885,-0.705
2344,83,J,D,B,2,384,0.885,-1.06
2345,83,J,D,B,2,385,0.885,-1.415
2346,83,J,D,B,2,386,0.53,-1.415
2347,83,J,D,B,2,387,0.175,-1.415
2348,83,J,D,B,2,388,-0.18,-1.415
2349,83,J,D,B,2,389,-0.535,-1.415
2350,83,J,D,B,2,390,0,-0.6
2351,83,J,D,B,2,391,0,0.6
2352,84,J,H,F,2,392,-0.89,-1.415
2353,84,J,H,F,2,393,-0.89,-1.06
2354,84,J,H,F,2,394,-0.89,-0.705
2355,84,J,H,F,2,395,-0.89,-0.35
2356,84,J,H,F,2,396,-0.89,0.005
2357,84,J,H,F,2,397,-0.89,0.36
2358,84,J,H,F,2,398,-0.89,0.715
2359,84,J,H,F,2,399,-0.89,1.07
2360,84,J,H,F,2,400,-0.89,1.425
2361,84,J,H,F,2,401,-0.535,1.425
2362,84,J,H,F,2,402,-0.18,1.425
2363,84,J,H,F,2,403,0.175,1.425
2364,84,J,H,F,2,404,0.53,1.425
2365,84,J,H,F,2,405,0.885,1.425
2366,84,J,H,F,2,406,0.885,1.07
2367,84,J,H,F,2,407,0.885,0.715
2368,84,J,H,F,2,408,0.885,0.36
2369,84,J,H,F,2,409,0.885,0.005
2370,84,J,H,F,2,410,0.885,-0.35
2371,84,J,H,F,2,411,0.885,-0.705
2372,84,J,H,F,2,412,0.885,-1.06
2373,84,J,H,F,2,413,0.885,-1.415
2374,84,J,H,F,2,414,0.53,-1.415
2375,84,J,H,F,2,415,0.175,-1.415
2376,84,J,H,F,2,416,-0.18,-1.415
2377,84,J,H,F,2,417,-0.535,-1.415
2378,84,J,H,F,2,418,0,-0.6
2379,84,J,H,F,2,419,0,0.6
2380,85,J,H,B,2,420,-0.89,-1.415
2381,85,J,H,B,2,421,-0.89,-1.06
2382,85,J,H,B,2,422,-0.89,-0.705
2383,85,J,H,B,2,423,-0.89,-0.35
2384,85,J,H,B,2,424,-0.89,0.005
2385,85,J,H,B,2,425,-0.89,0.36
2386,85,J,H,B,2,426,-0.89,0.715
2387,85,J,H,B,2,427,-0.89,1.07
2388,85,J,H,B,2,428,-0.89,1.425
2389,85,J,H,B,2,429,-0.535,1.425
2390,85,J,H,B,2,430,-0.18,1.425
2391,85,J,H,B,2,431,0.175,1.425
2392,85,J,H,B,2,432,0.53,1.425
2393,85,J,H,B,2,433,0.885,1.425
2394,85,J,H,B,2,434,0.885,1.07
2395,85,J,H,B,2,435,0.885,0.715
2396,85,J,H,B,2,436,0.885,0.36
2397,85,J,H,B,2,437,0.885,0.005
2398,85,J,H,B,2,438,0.885,-0.35
2399,85,J,H,B,2,439,0.885,-0.705
2400,85,J,H,B,2,440,0.885,-1.06
2401,85,J,H,B,2,441,0.885,-1.415
2402,85,J,H,B,2,442,0.53,-1.415
2403,85,J,H,B,2,443,0.175,-1.415
2404,85,J,H,B,2,444,-0.18,-1.415
2405,85,J,H,B,2,445,-0.535,-1.415
2406,85,J,H,B,2,446,0,-0.6
2407,85,J,H,B,2,447,0,0.6
2408,86,J,S,F,2,448,-0.89,-1.415
2409,86,J,S,F,2,449,-0.89,-1.06
2410,86,J,S,F,2,450,-0.89,-0.705
2411,86,J,S,F,2,451,-0.89,-0.35
2412,86,J,S,F,2,452,-0.89,0.005
2413,86,J,S,F,2,453,-0.89,0.36
2414,86,J,S,F,2,454,-0.89,0.715
2415,86,J,S,F,2,455,-0.89,1.07
2416,86,J,S,F,2,456,-0.89,1.425
2417,86,J,S,F,2,457,-0.535,1.425
2418,86,J,S,F,2,458,-0.18,1.425
2419,86,J,S,F,2,459,0.175,1.425
2420,86,J,S,F,2,460,0.53,1.425
2421,86,J,S,F,2,461,0.885,1.425
2422,86,J,S,F,2,462,0.885,1.07
2423,86,J,S,F,2,463,0.885,0.715
2424,86,J,S,F,2,464,0.885,0.36
2425,86,J,S,F,2,465,0.885,0.005
2426,86,J,S,F,2,466,0.885,-0.35
2427,86,J,S,F,2,467,0.885,-0.705
2428,86,J,S,F,2,468,0.885,-1.06
2429,86,J,S,F,2,469,0.885,-1.415
2430,86,J,S,F,2,470,0.53,-1.415
2431,86,J,S,F,2,471,0.175,-1.415
2432,86,J,S,F,2,472,-0.18,-1.415
2433,86,J,S,F,2,473,-0.535,-1.415
2434,86,J,S,F,2,474,0,-0.6
2435,86,J,S,F,2,475,0,0.6
2436,87,J,S,B,2,476,-0.89,-1.415
2437,87,J,S,B,2,477,-0.89,-1.06
2438,87,J,S,B,2,478,-0.89,-0.705
2439,87,J,S,B,2,479,-0.89,-0.35
2440,87,J,S,B,2,480,-0.89,0.005
2441,87,J,S,B,2,481,-0.89,0.36
2442,87,J,S,B,2,482,-0.89,0.715
2443,87,J,S,B,2,483,-0.89,1.07
2444,87,J,S,B,2,484,-0.89,1.425
2445,87,J,S,B,2,485,-0.535,1.425
2446,87,J,S,B,2,486,-0.18,1.425
2447,87,J,S,B,2,487,0.175,1.425
2448,87,J,S,B,2,488,0.53,1.425
2449,87,J,S,B,2,489,0.885,1.425
2450,87,J,S,B,2,490,0.885,1.07
2451,87,J,S,B,2,491,0.885,0.715
2452,87,J,S,B,2,492,0.885,0.36
2453,87,J,S,B,2,493,0.885,0.005
2454,87,J,S,B,2,494,0.885,-0.35
2455,87,J,S,B,2,495,0.885,-0.705
2456,87,J,S,B,2,496,0.885,-1.06
2457,87,J,S,B,2,497,0.885,-1.415
2458,87,J,S,B,2,498,0.53,-1.415
2459,87,J,S,B,2,499,0.175,-1.415
2460,87,J,S,B,2,500,-0.18,-1.415
2461,87,J,S,B,2,501,-0.535,-1.415
2462,87,J,S,B,2,502,0,-0.6
2463,87,J,S,B,2,503,0,0.6
2464,88,Q,C,F,2,504,-0.89,-1.415
2465,88,Q,C,F,2,505,-0.89,-1.06
2466,88,Q,C,F,2,506,-0.89,-0.705
2467,88,Q,C,F,2,507,-0.89,-0.35
2468,88,Q,C,F,2,508,-0.89,0.005
2469,88,Q,C,F,2,509,-0.89,0.36
2470,88,Q,C,F,2,510,-0.89,0.715
2471,88,Q,C,F,2,511,-0.89,1.07
2472,88,Q,C,F,2,512,-0.89,1.425
2473,88,Q,C,F,2,513,-0.535,1.425
2474,88,Q,C,F,2,514,-0.18,1.425
2475,88,Q,C,F,2,515,0.175,1.425
2476,88,Q,C,F,2,516,0.53,1.425
2477,88,Q,C,F,2,517,0.885,1.425
2478,88,Q,C,F,2,518,0.885,1.07
2479,88,Q,C,F,2,519,0.885,0.715
2480,88,Q,C,F,2,520,0.885,0.36
2481,88,Q,C,F,2,521,0.885,0.005
2482,88,Q,C,F,2,522,0.885,-0.35
2483,88,Q,C,F,2,523,0.885,-0.705
2484,88,Q,C,F,2,524,0.885,-1.06
2485,88,Q,C,F,2,525,0.885,-1.415
2486,88,Q,C,F,2,526,0.53,-1.415
2487,88,Q,C,F,2,527,0.175,-1.415
2488,88,Q,C,F,2,528,-0.18,-1.415
2489,88,Q,C,F,2,529,-0.535,-1.415
2490,88,Q,C,F,2,530,0,-0.6
2491,88,Q,C,F,2,531,0,0.6
2492,89,Q,C,B,2,532,-0.89,-1.415
2493,89,Q,C,B,2,533,-0.89,-1.06
2494,89,Q,C,B,2,534,-0.89,-0.705
2495,89,Q,C,B,2,535,-0.89,-0.35
2496,89,Q,C,B,2,536,-0.89,0.005
2497,89,Q,C,B,2,537,-0.89,0.36
2498,89,Q,C,B,2,538,-0.89,0.715
2499,89,Q,C,B,2,539,-0.89,1.07
2500,89,Q,C,B,2,540,-0.89,1.425
2501,89,Q,C,B,2,541,-0.535,1.425
2502,89,Q,C,B,2,542,-0.18,1.425
2503,89,Q,C,B,2,543,0.175,1.425
2504,89,Q,C,B,2,544,0.53,1.425
2505,89,Q,C,B,2,545,0.885,1.425
2506,89,Q,C,B,2,546,0.885,1.07
2507,89,Q,C,B,2,547,0.885,0.715
2508,89,Q,C,B,2,548,0.885,0.36
2509,89,Q,C,B,2,549,0.885,0.005
2510,89,Q,C,B,2,550,0.885,-0.35
2511,89,Q,C,B,2,551,0.885,-0.705
2512,89,Q,C,B,2,552,0.885,-1.06
2513,89,Q,C,B,2,553,0.885,-1.415
2514,89,Q,C,B,2,554,0.53,-1.415
2515,89,Q,C,B,2,555,0.175,-1.415
2516,89,Q,C,B,2,556,-0.18,-1.415
2517,89,Q,C,B,2,557,-0.535,-1.415
2518,89,Q,C,B,2,558,0,-0.6
2519,89,Q,C,B,2,559,0,0.6
2520,90,Q,D,F,2,560,-0.89,-1.415
2521,90,Q,D,F,2,561,-0.89,-1.06
2522,90,Q,D,F,2,562,-0.89,-0.705
2523,90,Q,D,F,2,563,-0.89,-0.35
2524,90,Q,D,F,2,564,-0.89,0.005
2525,90,Q,D,F,2,565,-0.89,0.36
2526,90,Q,D,F,2,566,-0.89,0.715
2527,90,Q,D,F,2,567,-0.89,1.07
2528,90,Q,D,F,2,568,-0.89,1.425
2529,90,Q,D,F,2,569,-0.535,1.425
2530,90,Q,D,F,2,570,-0.18,1.425
2531,90,Q,D,F,2,571,0.175,1.425
2532,90,Q,D,F,2,572,0.53,1.425
2533,90,Q,D,F,2,573,0.885,1.425
2534,90,Q,D,F,2,574,0.885,1.07
2535,90,Q,D,F,2,575,0.885,0.715
2536,90,Q,D,F,2,576,0.885,0.36
2537,90,Q,D,F,2,577,0.885,0.005
2538,90,Q,D,F,2,578,0.885,-0.35
2539,90,Q,D,F,2,579,0.885,-0.705
2540,90,Q,D,F,2,580,0.885,-1.06
2541,90,Q,D,F,2,581,0.885,-1.415
2542,90,Q,D,F,2,582,0.53,-1.415
2543,90,Q,D,F,2,583,0.175,-1.415
2544,90,Q,D,F,2,584,-0.18,-1.415
2545,90,Q,D,F,2,585,-0.535,-1.415
2546,90,Q,D,F,2,586,0,-0.6
2547,90,Q,D,F,2,587,0,0.6
2548,91,Q,D,B,2,588,-0.89,-1.415
2549,91,Q,D,B,2,589,-0.89,-1.06
2550,91,Q,D,B,2,590,-0.89,-0.705
2551,91,Q,D,B,2,591,-0.89,-0.35
2552,91,Q,D,B,2,592,-0.89,0.005
2553,91,Q,D,B,2,593,-0.89,0.36
2554,91,Q,D,B,2,594,-0.89,0.715
2555,91,Q,D,B,2,595,-0.89,1.07
2556,91,Q,D,B,2,596,-0.89,1.425
2557,91,Q,D,B,2,597,-0.535,1.425
2558,91,Q,D,B,2,598,-0.18,1.425
2559,91,Q,D,B,2,599,0.175,1.425
2560,91,Q,D,B,2,600,0.53,1.425
2561,91,Q,D,B,2,601,0.885,1.425
2562,91,Q,D,B,2,602,0.885,1.07
2563,91,Q,D,B,2,603,0.885,0.715
2564,91,Q,D,B,2,604,0.885,0.36
2565,91,Q,D,B,2,605,0.885,0.005
2566,91,Q,D,B,2,606,0.885,-0.35
2567,91,Q,D,B,2,607,0.885,-0.705
2568,91,Q,D,B,2,608,0.885,-1.06
2569,91,Q,D,B,2,609,0.885,-1.415
2570,91,Q,D,B,2,610,0.53,-1.415
2571,91,Q,D,B,2,611,0.175,-1.415
2572,91,Q,D,B,2,612,-0.18,-1.415
2573,91,Q,D,B,2,613,-0.535,-1.415
2574,91,Q,D,B,2,614,0,-0.6
2575,91,Q,D,B,2,615,0,0.6
2576,92,Q,H,F,2,616,-0.89,-1.415
2577,92,Q,H,F,2,617,-0.89,-1.06
2578,92,Q,H,F,2,618,-0.89,-0.705
2579,92,Q,H,F,2,619,-0.89,-0.35
2580,92,Q,H,F,2,620,-0.89,0.005
2581,92,Q,H,F,2,621,-0.89,0.36
2582,92,Q,H,F,2,622,-0.89,0.715
2583,92,Q,H,F,2,623,-0.89,1.07
2584,92,Q,H,F,2,624,-0.89,1.425
2585,92,Q,H,F,2,625,-0.535,1.425
2586,92,Q,H,F,2,626,-0.18,1.425
2587,92,Q,H,F,2,627,0.175,1.425
2588,92,Q,H,F,2,628,0.53,1.425
2589,92,Q,H,F,2,629,0.885,1.425
2590,92,Q,H,F,2,630,0.885,1.07
2591,92,Q,H,F,2,631,0.885,0.715
2592,92,Q,H,F,2,632,0.885,0.36
2593,92,Q,H,F,2,633,0.885,0.005
2594,92,Q,H,F,2,634,0.885,-0.35
2595,92,Q,H,F,2,635,0.885,-0.705
2596,92,Q,H,F,2,636,0.885,-1.06
2597,92,Q,H,F,2,637,0.885,-1.415
2598,92,Q,H,F,2,638,0.53,-1.415
2599,92,Q,H,F,2,639,0.175,-1.415
2600,92,Q,H,F,2,640,-0.18,-1.415
2601,92,Q,H,F,2,641,-0.535,-1.415
2602,92,Q,H,F,2,642,0,-0.6
2603,92,Q,H,F,2,643,0,0.6
2604,93,Q,H,B,2,644,-0.89,-1.415
2605,93,Q,H,B,2,645,-0.89,-1.06
2606,93,Q,H,B,2,646,-0.89,-0.705
2607,93,Q,H,B,2,647,-0.89,-0.35
2608,93,Q,H,B,2,648,-0.89,0.005
2609,93,Q,H,B,2,649,-0.89,0.36
2610,93,Q,H,B,2,650,-0.89,0.715
2611,93,Q,H,B,2,651,-0.89,1.07
2612,93,Q,H,B,2,652,-0.89,1.425
2613,93,Q,H,B,2,653,-0.535,1.425
2614,93,Q,H,B,2,654,-0.18,1.425
2615,93,Q,H,B,2,655,0.175,1.425
2616,93,Q,H,B,2,656,0.53,1.425
2617,93,Q,H,B,2,657,0.885,1.425
2618,93,Q,H,B,2,658,0.885,1.07
2619,93,Q,H,B,2,659,0.885,0.715
2620,93,Q,H,B,2,660,0.885,0.36
2621,93,Q,H,B,2,661,0.885,0.005
2622,93,Q,H,B,2,662,0.885,-0.35
2623,93,Q,H,B,2,663,0.885,-0.705
2624,93,Q,H,B,2,664,0.885,-1.06
2625,93,Q,H,B,2,665,0.885,-1.415
2626,93,Q,H,B,2,666,0.53,-1.415
2627,93,Q,H,B,2,667,0.175,-1.415
2628,93,Q,H,B,2,668,-0.18,-1.415
2629,93,Q,H,B,2,669,-0.535,-1.415
2630,93,Q,H,B,2,670,0,-0.6
2631,93,Q,H,B,2,671,0,0.6
2632,94,Q,S,F,2,672,-0.89,-1.415
2633,94,Q,S,F,2,673,-0.89,-1.06
2634,94,Q,S,F,2,674,-0.89,-0.705
2635,94,Q,S,F,2,675,-0.89,-0.35
2636,94,Q,S,F,2,676,-0.89,0.005
2637,94,Q,S,F,2,677,-0.89,0.36
2638,94,Q,S,F,2,678,-0.89,0.715
2639,94,Q,S,F,2,679,-0.89,1.07
2640,94,Q,S,F,2,680,-0.89,1.425
2641,94,Q,S,F,2,681,-0.535,1.425
2642,94,Q,S,F,2,682,-0.18,1.425
2643,94,Q,S,F,2,683,0.175,1.425
2644,94,Q,S,F,2,684,0.53,1.425
2645,94,Q,S,F,2,685,0.885,1.425
2646,94,Q,S,F,2,686,0.885,1.07
2647,94,Q,S,F,2,687,0.885,0.715
2648,94,Q,S,F,2,688,0.885,0.36
2649,94,Q,S,F,2,689,0.885,0.005
2650,94,Q,S,F,2,690,0.885,-0.35
2651,94,Q,S,F,2,691,0.885,-0.705
2652,94,Q,S,F,2,692,0.885,-1.06
2653,94,Q,S,F,2,693,0.885,-1.415
2654,94,Q,S,F,2,694,0.53,-1.415
2655,94,Q,S,F,2,695,0.175,-1.415
2656,94,Q,S,F,2,696,-0.18,-1.415
2657,94,Q,S,F,2,697,-0.535,-1.415
2658,94,Q,S,F,2,698,0,-0.6
2659,94,Q,S,F,2,699,0,0.6
2660,95,Q,S,B,2,700,-0.89,-1.415
2661,95,Q,S,B,2,701,-0.89,-1.06
2662,95,Q,S,B,2,702,-0.89,-0.705
2663,95,Q,S,B,2,703,-0.89,-0.35
2664,95,Q,S,B,2,704,-0.89,0.005
2665,95,Q,S,B,2,705,-0.89,0.36
2666,95,Q,S,B,2,706,-0.89,0.715
2667,95,Q,S,B,2,707,-0.89,1.07
2668,95,Q,S,B,2,708,-0.89,1.425
2669,95,Q,S,B,2,709,-0.535,1.425
2670,95,Q,S,B,2,710,-0.18,1.425
2671,95,Q,S,B,2,711,0.175,1.425
2672,95,Q,S,B,2,712,0.53,1.425
2673,95,Q,S,B,2,713,0.885,1.425
2674,95,Q,S,B,2,714,0.885,1.07
2675,95,Q,S,B,2,715,0.885,0.715
2676,95,Q,S,B,2,716,0.885,0.36
2677,95,Q,S,B,2,717,0.885,0.005
2678,95,Q,S,B,2,718,0.885,-0.35
2679,95,Q,S,B,2,719,0.885,-0.705
2680,95,Q,S,B,2,720,0.885,-1.06
2681,95,Q,S,B,2,721,0.885,-1.415
2682,95,Q,S,B,2,722,0.53,-1.415
2683,95,Q,S,B,2,723,0.175,-1.415
2684,95,Q,S,B,2,724,-0.18,-1.415
2685,95,Q,S,B,2,725,-0.535,-1.415
2686,95,Q,S,B,2,726,0,-0.6
2687,95,Q,S,B,2,727,0,0.6
2688,96,K,C,F,2,728,-0.89,-1.415
2689,96,K,C,F,2,729,-0.89,-1.06
2690,96,K,C,F,2,730,-0.89,-0.705
2691,96,K,C,F,2,731,-0.89,-0.35
2692,96,K,C,F,2,732,-0.89,0.005
2693,96,K,C,F,2,733,-0.89,0.36
2694,96,K,C,F,2,734,-0.89,0.715
2695,96,K,C,F,2,735,-0.89,1.07
2696,96,K,C,F,2,736,-0.89,1.425
2697,96,K,C,F,2,737,-0.535,1.425
2698,96,K,C,F,2,738,-0.18,1.425
2699,96,K,C,F,2,739,0.175,1.425
2700,96,K,C,F,2,740,0.53,1.425
2701,96,K,C,F,2,741,0.885,1.425
2702,96,K,C,F,2,742,0.885,1.07
2703,96,K,C,F,2,743,0.885,0.715
2704,96,K,C,F,2,744,0.885,0.36
2705,96,K,C,F,2,745,0.885,0.005
2706,96,K,C,F,2,746,0.885,-0.35
2707,96,K,C,F,2,747,0.885,-0.705
2708,96,K,C,F,2,748,0.885,-1.06
2709,96,K,C,F,2,749,0.885,-1.415
2710,96,K,C,F,2,750,0.53,-1.415
2711,96,K,C,F,2,751,0.175,-1.415
2712,96,K,C,F,2,752,-0.18,-1.415
2713,96,K,C,F,2,753,-0.535,-1.415
2714,96,K,C,F,2,754,0,-0.6
2715,96,K,C,F,2,755,0,0.6
2716,97,K,C,B,2,756,-0.89,-1.415
2717,97,K,C,B,2,757,-0.89,-1.06
2718,97,K,C,B,2,758,-0.89,-0.705
2719,97,K,C,B,2,759,-0.89,-0.35
2720,97,K,C,B,2,760,-0.89,0.005
2721,97,K,C,B,2,761,-0.89,0.36
2722,97,K,C,B,2,762,-0.89,0.715
2723,97,K,C,B,2,763,-0.89,1.07
2724,97,K,C,B,2,764,-0.89,1.425
2725,97,K,C,B,2,765,-0.535,1.425
2726,97,K,C,B,2,766,-0.18,1.425
2727,97,K,C,B,2,767,0.175,1.425
2728,97,K,C,B,2,768,0.53,1.425
2729,97,K,C,B,2,769,0.885,1.425
2730,97,K,C,B,2,770,0.885,1.07
2731,97,K,C,B,2,771,0.885,0.715
2732,97,K,C,B,2,772,0.885,0.36
2733,97,K,C,B,2,773,0.885,0.005
2734,97,K,C,B,2,774,0.885,-0.35
2735,97,K,C,B,2,775,0.885,-0.705
2736,97,K,C,B,2,776,0.885,-1.06
2737,97,K,C,B,2,777,0.885,-1.415
2738,97,K,C,B,2,778,0.53,-1.415
2739,97,K,C,B,2,779,0.175,-1.415
2740,97,K,C,B,2,780,-0.18,-1.415
2741,97,K,C,B,2,781,-0.535,-1.415
2742,97,K,C,B,2,782,0,-0.6
2743,97,K,C,B,2,783,0,0.6
2744,98,K,D,F,2,784,-0.89,-1.415
2745,98,K,D,F,2,785,-0.89,-1.06
2746,98,K,D,F,2,786,-0.89,-0.705
2747,98,K,D,F,2,787,-0.89,-0.35
2748,98,K,D,F,2,788,-0.89,0.005
2749,98,K,D,F,2,789,-0.89,0.36
2750,98,K,D,F,2,790,-0.89,0.715
2751,98,K,D,F,2,791,-0.89,1.07
2752,98,K,D,F,2,792,-0.89,1.425
2753,98,K,D,F,2,793,-0.535,1.425
2754,98,K,D,F,2,794,-0.18,1.425
2755,98,K,D,F,2,795,0.175,1.425
2756,98,K,D,F,2,796,0.53,1.425
2757,98,K,D,F,2,797,0.885,1.425
2758,98,K,D,F,2,798,0.885,1.07
2759,98,K,D,F,2,799,0.885,0.715
2760,98,K,D,F,2,800,0.885,0.36
2761,98,K,D,F,2,801,0.885,0.005
2762,98,K,D,F,2,802,0.885,-0.35
2763,98,K,D,F,2,803,0.885,-0.705
2764,98,K,D,F,2,804,0.885,-1.06
2765,98,K,D,F,2,805,0.885,-1.415
2766,98,K,D,F,2,806,0.53,-1.415
2767,98,K,D,F,2,807,0.175,-1.415
2768,98,K,D,F,2,808,-0.18,-1.415
2769,98,K,D,F,2,809,-0.535,-1.415
2770,98,K,D,F,2,810,0,-0.6
2771,98,K,D,F,2,811,0,0.6
2772,99,K,D,B,2,812,-0.89,-1.415
2773,99,K,D,B,2,813,-0.89,-1.06
2774,99,K,D,B,2,814,-0.89,-0.705
2775,99,K,D,B,2,815,-0.89,-0.35
2776,99,K,D,B,2,816,-0.89,0.005
2777,99,K,D,B,2,817,-0.89,0.36
2778,99,K,D,B,2,818,-0.89,0.715
2779,99,K,D,B,2,819,-0.89,1.07
2780,99,K,D,B,2,820,-0.89,1.425
2781,99,K,D,B,2,821,-0.535,1.425
2782,99,K,D,B,2,822,-0.18,1.425
2783,99,K,D,B,2,823,0.175,1.425
2784,99,K,D,B,2,824,0.53,1.425
2785,99,K,D,B,2,825,0.885,1.425
2786,99,K,D,B,2,826,0.885,1.07
2787,99,K,D,B,2,827,0.885,0.715
2788,99,K,D,B,2,828,0.885,0.36
2789,99,K,D,B,2,829,0.885,0.005
2790,99,K,D,B,2,830,0.885,-0.35
2791,99,K,D,B,2,831,0.885,-0.705
2792,99,K,D,B,2,832,0.885,-1.06
2793,99,K,D,B,2,833,0.885,-1.415
2794,99,K,D,B,2,834,0.53,-1.415
2795,99,K,D,B,2,835,0.175,-1.415
2796,99,K,D,B,2,836,-0.18,-1.415
2797,99,K,D,B,2,837,-0.535,-1.415
2798,99,K,D,B,2,838,0,-0.6
2799,99,K,D,B,2,839,0,0.6
2800,100,K,H,F,2,840,-0.89,-1.415
2801,100,K,H,F,2,841,-0.89,-1.06
2802,100,K,H,F,2,842,-0.89,-0.705
2803,100,K,H,F,2,843,-0.89,-0.35
2804,100,K,H,F,2,844,-0.89,0.005
2805,100,K,H,F,2,845,-0.89,0.36
2806,100,K,H,F,2,846,-0.89,0.715
2807,100,K,H,F,2,847,-0.89,1.07
2808,100,K,H,F,2,848,-0.89,1.425
2809,100,K,H,F,2,849,-0.535,1.425
2810,100,K,H,F,2,850,-0.18,1.425
2811,100,K,H,F,2,851,0.175,1.425
2812,100,K,H,F,2,852,0.53,1.425
2813,100,K,H,F,2,853,0.885,1.425
2814,100,K,H,F,2,854,0.885,1.07
2815,100,K,H,F,2,855,0.885,0.715
2816,100,K,H,F,2,856,0.885,0.36
2817,100,K,H,F,2,857,0.885,0.005
2818,100,K,H,F,2,858,0.885,-0.35
2819,100,K,H,F,2,859,0.885,-0.705
2820,100,K,H,F,2,860,0.885,-1.06
2821,100,K,H,F,2,861,0.885,-1.415
2822,100,K,H,F,2,862,0.53,-1.415
2823,100,K,H,F,2,863,0.175,-1.415
2824,100,K,H,F,2,864,-0.18,-1.415
2825,100,K,H,F,2,865,-0.535,-1.415
2826,100,K,H,F,2,866,0,-0.6
2827,100,K,H,F,2,867,0,0.6
2828,101,K,H,B,2,868,-0.89,-1.415
2829,101,K,H,B,2,869,-0.89,-1.06
2830,101,K,H,B,2,870,-0.89,-0.705
2831,101,K,H,B,2,871,-0.89,-0.35
2832,101,K,H,B,2,872,-0.89,0.005
2833,101,K,H,B,2,873,-0.89,0.36
2834,101,K,H,B,2,874,-0.89,0.715
2835,101,K,H,B,2,875,-0.89,1.07
2836,101,K,H,B,2,876,-0.89,1.425
2837,101,K,H,B,2,877,-0.535,1.425
2838,101,K,H,B,2,878,-0.18,1.425
2839,101,K,H,B,2,879,0.175,1.425
2840,101,K,H,B,2,880,0.53,1.425
2841,101,K,H,B,2,881,0.885,1.425
2842,101,K,H,B,2,882,0.885,1.07
2843,101,K,H,B,2,883,0.885,0.715
2844,101,K,H,B,2,884,0.885,0.36
2845,101,K,H,B,2,885,0.885,0.005
2846,101,K,H,B,2,886,0.885,-0.35
2847,101,K,H,B,2,887,0.885,-0.705
2848,101,K,H,B,2,888,0.885,-1.06
2849,101,K,H,B,2,889,0.885,-1.415
2850,101,K,H,B,2,890,0.53,-1.415
2851,101,K,H,B,2,891,0.175,-1.415
2852,101,K,H,B,2,892,-0.18,-1.415
2853,101,K,H,B,2,893,-0.535,-1.415
2854,101,K,H,B,2,894,0,-0.6
2855,101,K,H,B,2,895,0,0.6
2856,102,K,S,F,2,896,-0.89,-1.415
2857,102,K,S,F,2,897,-0.89,-1.06
2858,102,K,S,F,2,898,-0.89,-0.705
2859,102,K,S,F,2,899,-0.89,-0.35
2860,102,K,S,F,2,900,-0.89,0.005
2861,102,K,S,F,2,901,-0.89,0.36
2862,102,K,S,F,2,902,-0.89,0.715
2863,102,K,S,F,2,903,-0.89,1.07
2864,102,K,S,F,2,904,-0.89,1.425
2865,102,K,S,F,2,905,-0.535,1.425
2866,102,K,S,F,2,906,-0.18,1.425
2867,102,K,S,F,2,907,0.175,1.425
2868,102,K,S,F,2,908,0.53,1.425
2869,102,K,S,F,2,909,0.885,1.425
2870,102,K,S,F,2,910,0.885,1.07
2871,102,K,S,F,2,911,0.885,0.715
2872,102,K,S,F,2,912,0.885,0.36
2873,102,K,S,F,2,913,0.885,0.005
2874,102,K,S,F,2,914,0.885,-0.35
2875,102,K,S,F,2,915,0.885,-0.705
2876,102,K,S,F,2,916,0.885,-1.06
2877,102,K,S,F,2,917,0.885,-1.415
2878,102,K,S,F,2,918,0.53,-1.415
2879,102,K,S,F,2,919,0.175,-1.415
2880,102,K,S,F,2,920,-0.18,-1.415
2881,102,K,S,F,2,921,-0.535,-1.415
2882,102,K,S,F,2,922,0,-0.6
2883,102,K,S,F,2,923,0,0.6
2884,103,K,S,B,2,924,-0.89,-1.415
2885,103,K,S,B,2,925,-0.89,-1.06
2886,103,K,S,B,2,926,-0.89,-0.705
2887,103,K,S,B,2,927,-0.89,-0.35
2888,103,K,S,B,2,928,-0.89,0.005
2889,103,K,S,B,2,929,-0.89,0.36
2890,103,K,S,B,2,930,-0.89,0.715
2891,103,K,S,B,2,931,-0.89,1.07
2892,103,K,S,B,2,932,-0.89,1.425
2893,103,K,S,B,2,933,-0.535,1.425
2894,103,K,S,B,2,934,-0.18,1.425
2895,103,K,S,B,2,935,0.175,1.425
2896,103,K,S,B,2,936,0.53,1.425
2897,103,K,S,B,2,937,0.885,1.425
2898,103,K,S,B,2,938,0.885,1.07
2899,103,K,S,B,2,939,0.885,0.715
2900,103,K,S,B,2,940,0.885,0.36
2901,103,K,S,B,2,941,0.885,0.005
2902,103,K,S,B,2,942,0.885,-0.35
2903,103,K,S,B,2,943,0.885,-0.705
2904,103,K,S,B,2,944,0.885,-1.06
2905,103,K,S,B,2,945,0.885,-1.415
2906,103,K,S,B,2,946,0.53,-1.415
2907,103,K,S,B,2,947,0.175,-1.415
2908,103,K,S,B,2,948,-0.18,-1.415
2909,103,K,S,B,2,949,-0.535,-1.415
2910,103,K,S,B,2,950,0,-0.6
2911,103,K,S,B,2,951,0,0.6
2912,104,Z,0,F,2,952,-0.89,-1.415
2913,104,Z,0,F,2,953,-0.89,-1.06
2914,104,Z,0,F,2,954,-0.89,-0.705
2915,104,Z,0,F,2,955,-0.89,-0.35
2916,104,Z,0,F,2,956,-0.89,0.005
2917,104,Z,0,F,2,957,-0.89,0.36
2918,104,Z,0,F,2,958,-0.89,0.715
2919,104,Z,0,F,2,959,-0.89,1.07
2920,104,Z,0,F,2,960,-0.89,1.425
2921,104,Z,0,F,2,961,-0.535,1.425
2922,104,Z,0,F,2,962,-0.18,1.425
2923,104,Z,0,F,2,963,0.175,1.425
2924,104,Z,0,F,2,964,0.53,1.425
2925,104,Z,0,F,2,965,0.885,1.425
2926,104,Z,0,F,2,966,0.885,1.07
2927,104,Z,0,F,2,967,0.885,0.715
2928,104,Z,0,F,2,968,0.885,0.36
2929,104,Z,0,F,2,969,0.885,0.005
2930,104,Z,0,F,2,970,0.885,-0.35
2931,104,Z,0,F,2,971,0.885,-0.705
2932,104,Z,0,F,2,972,0.885,-1.06
2933,104,Z,0,F,2,973,0.885,-1.415
2934,104,Z,0,F,2,974,0.53,-1.415
2935,104,Z,0,F,2,975,0.175,-1.415
2936,104,Z,0,F,2,976,-0.18,-1.415
2937,104,Z,0,F,2,977,-0.535,-1.415
2938,104,Z,0,F,2,978,0,-0.6
2939,104,Z,0,F,2,979,0,0.6
2940,104,Z,0,B,2,980,-0.89,-1.415
2941,104,Z,0,B,2,981,-0.89,-1.06
2942,104,Z,0,B,2,982,-0.89,-0.705
2943,104,Z,0,B,2,983,-0.89,-0.35
2944,104,Z,0,B,2,984,-0.89,0.005
2945,104,Z,0,B,2,985,-0.89,0.36
2946,104,Z,0,B,2,986,-0.89,0.715
2947,104,Z,0,B,2,987,-0.89,1.07
2948,104,Z,0,B,2,988,-0.89,1.425
2949,104,Z,0,B,2,989,-0.535,1.425
2950,104,Z,0,B,2,990,-0.18,1.425
2951,104,Z,0,B,2,991,0.175,1.425
2952,104,Z,0,B,2,992,0.53,1.425
2953,104,Z,0,B,2,993,0.885,1.425
2954,104,Z,0,B,2,994,0.885,1.07
2955,104,Z,0,B,2,995,0.885,0.715
2956,104,Z,0,B,2,996,0.885,0.36
2957,104,Z,0,B,2,997,0.885,0.005
2958,104,Z,0,B,2,998,0.885,-0.35
2959,104,Z,0,B,2,999,0.885,-0.705
